{
  "resourceType" : "ValueSet",
  "id" : "1ae2f955-8383-4195-89c7-a46e7abf5510-59",
  "url" : "http://hl7.org/fhir/comparison/ValueSet/1ae2f955-8383-4195-89c7-a46e7abf5510-59",
  "name" : "UnionSpecialCourtesyAndSpecialCourtesy",
  "title" : "Union of Special courtesy And Special courtesy",
  "status" : "draft",
  "date" : "2025-10-15T11:53:11+00:00",
  "compose" : {
    "include" : [{
      "concept" : [{
        "code" : "EXT"
      },
      {
        "code" : "NRM"
      },
      {
        "code" : "PRF"
      },
      {
        "code" : "STF"
      },
      {
        "code" : "VIP"
      }]
    },
    {
      "concept" : [{
        "code" : "UNK"
      }]
    }]
  }
}