{
  "resourceType" : "Bundle",
  "id" : "7a27611c-cda8-4e23-9297-a0e96cb541bb",
  "meta" : {
    "lastUpdated" : "2025-11-21T09:00:00.229+00:00"
  },
  "type" : "collection",
  "entry" : [{
    "fullUrl" : "https://interop.esante.gouv.fr/ig/fhir/tddui/ValueSet/tddui-care-plan-supportingInfo-vs",
    "resource" : {
      "resourceType" : "ValueSet",
      "text" : {
        "status" : "generated",
        "div" : "<div xmlns=\"http://www.w3.org/1999/xhtml\"><p class=\"res-header-id\"/><p style=\"border: black 1px dotted; background-color: #EEEEEE; padding: 8px; margin-bottom: 8px\">Expansion performed internally based on <a href=\"CodeSystem-tddui-care-plan-supportingInfo-cs.html\">codesystem TDDUI CarePlan supportingInfo CodeSystem v2.1.0-ballot (CodeSystem)</a><span class=\"copy-text-inline\"><button data-clipboard-text=\"https://interop.esante.gouv.fr/ig/fhir/tddui/CodeSystem/tddui-care-plan-supportingInfo-cs|2.1.0-ballot\" title=\"Click to Copy URL\" class=\"btn-copy\"> </button></span></p><p>Ce jeu de valeur (ValueSet) contient 2 concepts</p><table class=\"codes\" data-fhir=\"generated\"><tr><td><b>Système</b></td><td style=\"white-space:nowrap\"><b>Code</b></td><td><b>Display (fr)</b></td><td><b>Définition</b></td><td><b>JSON</b></td><td><b>XML</b></td></tr><tr><td><a name=\"x-https://interop.esante.gouv.fr/ig/fhir/tddui/CodeSystem/tddui-care-plan-supportingInfo-cs-accordUsager\"> </a><code>https://interop.esante.gouv.fr/ig/fhir/tddui/CodeSystem/tddui-care-plan-supportingInfo-cs</code></td><td style=\"white-space:nowrap\">\u00a0\u00a0<a href=\"CodeSystem-tddui-care-plan-supportingInfo-cs.html#tddui-care-plan-supportingInfo-cs-accordUsager\">accordUsager</a></td><td/><td/><td><span class=\"copy-text-inline\"><button data-clipboard-text=\"{&quot;system&quot;: &quot;https://interop.esante.gouv.fr/ig/fhir/tddui/CodeSystem/tddui-care-plan-supportingInfo-cs&quot;, &quot;version&quot;: &quot;2.1.0-ballot&quot;, &quot;code&quot;: &quot;accordUsager&quot;}\" title=\"Click to Copy as Coding\" class=\"btn-copy\"> </button></span></td><td><span class=\"copy-text-inline\"><button data-clipboard-text=\"&lt;coding&gt;&lt;system value=&quot;https://interop.esante.gouv.fr/ig/fhir/tddui/CodeSystem/tddui-care-plan-supportingInfo-cs&quot;&gt;&lt;version value=&quot;2.1.0-ballot&quot;&gt;&lt;code value=&quot;accordUsager&quot;&gt;&lt;/coding&gt;\" title=\"Click to Copy as Coding\" class=\"btn-copy\"> </button></span></td></tr><tr><td><a name=\"x-https://interop.esante.gouv.fr/ig/fhir/tddui/CodeSystem/tddui-care-plan-supportingInfo-cs-accordStructure\"> </a><code>https://interop.esante.gouv.fr/ig/fhir/tddui/CodeSystem/tddui-care-plan-supportingInfo-cs</code></td><td style=\"white-space:nowrap\">\u00a0\u00a0<a href=\"CodeSystem-tddui-care-plan-supportingInfo-cs.html#tddui-care-plan-supportingInfo-cs-accordStructure\">accordStructure</a></td><td/><td/><td><span class=\"copy-text-inline\"><button data-clipboard-text=\"{&quot;system&quot;: &quot;https://interop.esante.gouv.fr/ig/fhir/tddui/CodeSystem/tddui-care-plan-supportingInfo-cs&quot;, &quot;version&quot;: &quot;2.1.0-ballot&quot;, &quot;code&quot;: &quot;accordStructure&quot;}\" title=\"Click to Copy as Coding\" class=\"btn-copy\"> </button></span></td><td><span class=\"copy-text-inline\"><button data-clipboard-text=\"&lt;coding&gt;&lt;system value=&quot;https://interop.esante.gouv.fr/ig/fhir/tddui/CodeSystem/tddui-care-plan-supportingInfo-cs&quot;&gt;&lt;version value=&quot;2.1.0-ballot&quot;&gt;&lt;code value=&quot;accordStructure&quot;&gt;&lt;/coding&gt;\" title=\"Click to Copy as Coding\" class=\"btn-copy\"> </button></span></td></tr></table></div>"
      },
      "url" : "https://interop.esante.gouv.fr/ig/fhir/tddui/ValueSet/tddui-care-plan-supportingInfo-vs",
      "version" : "2.1.0-ballot",
      "name" : "TDDUICarePlanSupportingInfoVS",
      "title" : "TDDUI CarePlan supportingInfo ValueSet",
      "status" : "active",
      "date" : "2025-11-21T09:00:00+00:00",
      "jurisdiction" : [{
        "coding" : [{
          "system" : "urn:iso:std:iso:3166",
          "code" : "FR",
          "display" : "FRANCE"
        }]
      }],
      "expansion" : {
        "identifier" : "urn:uuid:7a1607b8-4bc7-4c10-9228-fef9fb2b4dc3",
        "timestamp" : "2025-11-21T09:02:44+00:00",
        "total" : 2,
        "offset" : 0,
        "parameter" : [{
          "name" : "displayLanguage",
          "valueCode" : "fr"
        },
        {
          "name" : "count",
          "valueInteger" : 1000
        },
        {
          "name" : "offset",
          "valueInteger" : 0
        },
        {
          "name" : "excludeNested",
          "valueBoolean" : false
        },
        {
          "name" : "used-codesystem",
          "valueUri" : "https://interop.esante.gouv.fr/ig/fhir/tddui/CodeSystem/tddui-care-plan-supportingInfo-cs|2.1.0-ballot"
        }],
        "contains" : [{
          "system" : "https://interop.esante.gouv.fr/ig/fhir/tddui/CodeSystem/tddui-care-plan-supportingInfo-cs",
          "code" : "accordUsager"
        },
        {
          "system" : "https://interop.esante.gouv.fr/ig/fhir/tddui/CodeSystem/tddui-care-plan-supportingInfo-cs",
          "code" : "accordStructure"
        }]
      }
    }
  },
  {
    "fullUrl" : "https://interop.esante.gouv.fr/ig/fhir/tddui/ValueSet/tddui-goal-note-vs",
    "resource" : {
      "resourceType" : "ValueSet",
      "text" : {
        "status" : "generated",
        "div" : "<div xmlns=\"http://www.w3.org/1999/xhtml\"><p class=\"res-header-id\"/><p style=\"border: black 1px dotted; background-color: #EEEEEE; padding: 8px; margin-bottom: 8px\">Expansion performed internally based on <a href=\"CodeSystem-tddui-goal-note-cs.html\">codesystem TDDUI Goal Note CodeSystem v2.1.0-ballot (CodeSystem)</a><span class=\"copy-text-inline\"><button data-clipboard-text=\"https://interop.esante.gouv.fr/ig/fhir/tddui/CodeSystem/tddui-goal-note-cs|2.1.0-ballot\" title=\"Click to Copy URL\" class=\"btn-copy\"> </button></span></p><p>Ce jeu de valeur (ValueSet) contient 5 concepts</p><table class=\"codes\" data-fhir=\"generated\"><tr><td><b>Système</b></td><td style=\"white-space:nowrap\"><b>Code</b></td><td><b>Display (fr)</b></td><td><b>Définition</b></td><td><b>JSON</b></td><td><b>XML</b></td></tr><tr><td><a name=\"x-https://interop.esante.gouv.fr/ig/fhir/tddui/CodeSystem/tddui-goal-note-cs-titreObjectif\"> </a><code>https://interop.esante.gouv.fr/ig/fhir/tddui/CodeSystem/tddui-goal-note-cs</code></td><td style=\"white-space:nowrap\">\u00a0\u00a0<a href=\"CodeSystem-tddui-goal-note-cs.html#tddui-goal-note-cs-titreObjectif\">titreObjectif</a></td><td/><td/><td><span class=\"copy-text-inline\"><button data-clipboard-text=\"{&quot;system&quot;: &quot;https://interop.esante.gouv.fr/ig/fhir/tddui/CodeSystem/tddui-goal-note-cs&quot;, &quot;version&quot;: &quot;2.1.0-ballot&quot;, &quot;code&quot;: &quot;titreObjectif&quot;}\" title=\"Click to Copy as Coding\" class=\"btn-copy\"> </button></span></td><td><span class=\"copy-text-inline\"><button data-clipboard-text=\"&lt;coding&gt;&lt;system value=&quot;https://interop.esante.gouv.fr/ig/fhir/tddui/CodeSystem/tddui-goal-note-cs&quot;&gt;&lt;version value=&quot;2.1.0-ballot&quot;&gt;&lt;code value=&quot;titreObjectif&quot;&gt;&lt;/coding&gt;\" title=\"Click to Copy as Coding\" class=\"btn-copy\"> </button></span></td></tr><tr><td><a name=\"x-https://interop.esante.gouv.fr/ig/fhir/tddui/CodeSystem/tddui-goal-note-cs-avisUsagerObjectif\"> </a><code>https://interop.esante.gouv.fr/ig/fhir/tddui/CodeSystem/tddui-goal-note-cs</code></td><td style=\"white-space:nowrap\">\u00a0\u00a0<a href=\"CodeSystem-tddui-goal-note-cs.html#tddui-goal-note-cs-avisUsagerObjectif\">avisUsagerObjectif</a></td><td/><td/><td><span class=\"copy-text-inline\"><button data-clipboard-text=\"{&quot;system&quot;: &quot;https://interop.esante.gouv.fr/ig/fhir/tddui/CodeSystem/tddui-goal-note-cs&quot;, &quot;version&quot;: &quot;2.1.0-ballot&quot;, &quot;code&quot;: &quot;avisUsagerObjectif&quot;}\" title=\"Click to Copy as Coding\" class=\"btn-copy\"> </button></span></td><td><span class=\"copy-text-inline\"><button data-clipboard-text=\"&lt;coding&gt;&lt;system value=&quot;https://interop.esante.gouv.fr/ig/fhir/tddui/CodeSystem/tddui-goal-note-cs&quot;&gt;&lt;version value=&quot;2.1.0-ballot&quot;&gt;&lt;code value=&quot;avisUsagerObjectif&quot;&gt;&lt;/coding&gt;\" title=\"Click to Copy as Coding\" class=\"btn-copy\"> </button></span></td></tr><tr><td><a name=\"x-https://interop.esante.gouv.fr/ig/fhir/tddui/CodeSystem/tddui-goal-note-cs-strategieMiseEnOeuvreObjectif\"> </a><code>https://interop.esante.gouv.fr/ig/fhir/tddui/CodeSystem/tddui-goal-note-cs</code></td><td style=\"white-space:nowrap\">\u00a0\u00a0<a href=\"CodeSystem-tddui-goal-note-cs.html#tddui-goal-note-cs-strategieMiseEnOeuvreObjectif\">strategieMiseEnOeuvreObjectif</a></td><td/><td/><td><span class=\"copy-text-inline\"><button data-clipboard-text=\"{&quot;system&quot;: &quot;https://interop.esante.gouv.fr/ig/fhir/tddui/CodeSystem/tddui-goal-note-cs&quot;, &quot;version&quot;: &quot;2.1.0-ballot&quot;, &quot;code&quot;: &quot;strategieMiseEnOeuvreObjectif&quot;}\" title=\"Click to Copy as Coding\" class=\"btn-copy\"> </button></span></td><td><span class=\"copy-text-inline\"><button data-clipboard-text=\"&lt;coding&gt;&lt;system value=&quot;https://interop.esante.gouv.fr/ig/fhir/tddui/CodeSystem/tddui-goal-note-cs&quot;&gt;&lt;version value=&quot;2.1.0-ballot&quot;&gt;&lt;code value=&quot;strategieMiseEnOeuvreObjectif&quot;&gt;&lt;/coding&gt;\" title=\"Click to Copy as Coding\" class=\"btn-copy\"> </button></span></td></tr><tr><td><a name=\"x-https://interop.esante.gouv.fr/ig/fhir/tddui/CodeSystem/tddui-goal-note-cs-origineAttente\"> </a><code>https://interop.esante.gouv.fr/ig/fhir/tddui/CodeSystem/tddui-goal-note-cs</code></td><td style=\"white-space:nowrap\">\u00a0\u00a0<a href=\"CodeSystem-tddui-goal-note-cs.html#tddui-goal-note-cs-origineAttente\">origineAttente</a></td><td/><td/><td><span class=\"copy-text-inline\"><button data-clipboard-text=\"{&quot;system&quot;: &quot;https://interop.esante.gouv.fr/ig/fhir/tddui/CodeSystem/tddui-goal-note-cs&quot;, &quot;version&quot;: &quot;2.1.0-ballot&quot;, &quot;code&quot;: &quot;origineAttente&quot;}\" title=\"Click to Copy as Coding\" class=\"btn-copy\"> </button></span></td><td><span class=\"copy-text-inline\"><button data-clipboard-text=\"&lt;coding&gt;&lt;system value=&quot;https://interop.esante.gouv.fr/ig/fhir/tddui/CodeSystem/tddui-goal-note-cs&quot;&gt;&lt;version value=&quot;2.1.0-ballot&quot;&gt;&lt;code value=&quot;origineAttente&quot;&gt;&lt;/coding&gt;\" title=\"Click to Copy as Coding\" class=\"btn-copy\"> </button></span></td></tr><tr><td><a name=\"x-https://interop.esante.gouv.fr/ig/fhir/tddui/CodeSystem/tddui-goal-note-cs-commentaireAttente\"> </a><code>https://interop.esante.gouv.fr/ig/fhir/tddui/CodeSystem/tddui-goal-note-cs</code></td><td style=\"white-space:nowrap\">\u00a0\u00a0<a href=\"CodeSystem-tddui-goal-note-cs.html#tddui-goal-note-cs-commentaireAttente\">commentaireAttente</a></td><td/><td/><td><span class=\"copy-text-inline\"><button data-clipboard-text=\"{&quot;system&quot;: &quot;https://interop.esante.gouv.fr/ig/fhir/tddui/CodeSystem/tddui-goal-note-cs&quot;, &quot;version&quot;: &quot;2.1.0-ballot&quot;, &quot;code&quot;: &quot;commentaireAttente&quot;}\" title=\"Click to Copy as Coding\" class=\"btn-copy\"> </button></span></td><td><span class=\"copy-text-inline\"><button data-clipboard-text=\"&lt;coding&gt;&lt;system value=&quot;https://interop.esante.gouv.fr/ig/fhir/tddui/CodeSystem/tddui-goal-note-cs&quot;&gt;&lt;version value=&quot;2.1.0-ballot&quot;&gt;&lt;code value=&quot;commentaireAttente&quot;&gt;&lt;/coding&gt;\" title=\"Click to Copy as Coding\" class=\"btn-copy\"> </button></span></td></tr></table></div>"
      },
      "url" : "https://interop.esante.gouv.fr/ig/fhir/tddui/ValueSet/tddui-goal-note-vs",
      "version" : "2.1.0-ballot",
      "name" : "TDDUIGoalNoteVS",
      "title" : "TDDUI Goal Note ValueSet",
      "status" : "active",
      "date" : "2025-11-21T09:00:00+00:00",
      "jurisdiction" : [{
        "coding" : [{
          "system" : "urn:iso:std:iso:3166",
          "code" : "FR",
          "display" : "FRANCE"
        }]
      }],
      "expansion" : {
        "identifier" : "urn:uuid:9c02c755-7dbd-4139-b71e-21a09107742a",
        "timestamp" : "2025-11-21T09:02:44+00:00",
        "total" : 5,
        "offset" : 0,
        "parameter" : [{
          "name" : "displayLanguage",
          "valueCode" : "fr"
        },
        {
          "name" : "count",
          "valueInteger" : 1000
        },
        {
          "name" : "offset",
          "valueInteger" : 0
        },
        {
          "name" : "excludeNested",
          "valueBoolean" : false
        },
        {
          "name" : "used-codesystem",
          "valueUri" : "https://interop.esante.gouv.fr/ig/fhir/tddui/CodeSystem/tddui-goal-note-cs|2.1.0-ballot"
        }],
        "contains" : [{
          "system" : "https://interop.esante.gouv.fr/ig/fhir/tddui/CodeSystem/tddui-goal-note-cs",
          "code" : "titreObjectif"
        },
        {
          "system" : "https://interop.esante.gouv.fr/ig/fhir/tddui/CodeSystem/tddui-goal-note-cs",
          "code" : "avisUsagerObjectif"
        },
        {
          "system" : "https://interop.esante.gouv.fr/ig/fhir/tddui/CodeSystem/tddui-goal-note-cs",
          "code" : "strategieMiseEnOeuvreObjectif"
        },
        {
          "system" : "https://interop.esante.gouv.fr/ig/fhir/tddui/CodeSystem/tddui-goal-note-cs",
          "code" : "origineAttente"
        },
        {
          "system" : "https://interop.esante.gouv.fr/ig/fhir/tddui/CodeSystem/tddui-goal-note-cs",
          "code" : "commentaireAttente"
        }]
      }
    }
  },
  {
    "fullUrl" : "https://interop.esante.gouv.fr/ig/fhir/tddui/ValueSet/tddui-serafin-valueset",
    "resource" : {
      "resourceType" : "ValueSet",
      "meta" : {
        "profile" : ["http://hl7.org/fhir/StructureDefinition/shareablevalueset"]
      },
      "text" : {
        "status" : "generated",
        "div" : "<div xmlns=\"http://www.w3.org/1999/xhtml\"><p class=\"res-header-id\"/><div style=\"border: black 1px dotted; background-color: #EEEEEE; padding: 8px; margin-bottom: 8px\"><p>Expansion performed internally based on:</p><ul><li><a href=\"https://interop.esante.gouv.fr/terminologies/1.4.0/CodeSystem-terminologie-SERAFINPH.html\">codesystem Nomenclature des besoins et des prestations v2023.1.0 (CodeSystem)</a><span class=\"copy-text-inline\"><button data-clipboard-text=\"https://smt.esante.gouv.fr/terminologie-SERAFINPH|2023.1.0\" title=\"Click to Copy URL\" class=\"btn-copy\"> </button></span></li><li><a href=\"https://interop.esante.gouv.fr/terminologies/1.4.0/ValueSet-JDV-J283-PrestationsIndirects-SERAFIN.html\">valueset JDV_J283_PrestationsIndirects_SERAFIN v20241025120000 (ValueSet)</a><span class=\"copy-text-inline\"><button data-clipboard-text=\"https://mos.esante.gouv.fr/NOS/JDV_J283-PrestationsIndirects_SERAFIN/FHIR/JDV-J283-PrestationsIndirects-SERAFIN|20241025120000\" title=\"Click to Copy URL\" class=\"btn-copy\"> </button></span></li><li><a href=\"https://interop.esante.gouv.fr/terminologies/1.4.0/ValueSet-JDV-J284-PrestationsDirects-SERAFIN.html\">valueset JDV_J284_PrestationsDirects_SERAFIN v20241025120000 (ValueSet)</a><span class=\"copy-text-inline\"><button data-clipboard-text=\"https://mos.esante.gouv.fr/NOS/JDV_J284-PrestationsDirects_SERAFIN/FHIR/JDV-J284-PrestationsDirects-SERAFIN|20241025120000\" title=\"Click to Copy URL\" class=\"btn-copy\"> </button></span></li></ul></div><p>Ce jeu de valeur (ValueSet) contient 0 concepts</p><table class=\"codes\" data-fhir=\"generated\"><tr><td><b>Système</b></td><td style=\"white-space:nowrap\"><b>Code</b></td><td><b>Display (fr)</b></td><td><b>JSON</b></td><td><b>XML</b></td></tr></table></div>"
      },
      "url" : "https://interop.esante.gouv.fr/ig/fhir/tddui/ValueSet/tddui-serafin-valueset",
      "version" : "2.1.0-ballot",
      "name" : "TDDUISerafinValueSet",
      "title" : "TDDUI SERAFIN ValueSet",
      "status" : "active",
      "experimental" : false,
      "date" : "2025-11-21T09:00:00+00:00",
      "jurisdiction" : [{
        "coding" : [{
          "system" : "urn:iso:std:iso:3166",
          "code" : "FR",
          "display" : "FRANCE"
        }]
      }],
      "expansion" : {
        "identifier" : "urn:uuid:97ea4363-d9bf-4108-b711-4fdd25c90cb1",
        "timestamp" : "2025-11-21T09:02:45+00:00",
        "total" : 0,
        "offset" : 0,
        "parameter" : [{
          "name" : "displayLanguage",
          "valueCode" : "fr"
        },
        {
          "name" : "count",
          "valueInteger" : 1000
        },
        {
          "name" : "offset",
          "valueInteger" : 0
        },
        {
          "name" : "excludeNested",
          "valueBoolean" : false
        },
        {
          "name" : "used-valueset",
          "valueUri" : "https://mos.esante.gouv.fr/NOS/JDV_J283-PrestationsIndirects_SERAFIN/FHIR/JDV-J283-PrestationsIndirects-SERAFIN|20241025120000"
        },
        {
          "name" : "used-codesystem",
          "valueUri" : "https://smt.esante.gouv.fr/terminologie-SERAFINPH|2023.1.0"
        },
        {
          "name" : "used-valueset",
          "valueUri" : "https://mos.esante.gouv.fr/NOS/JDV_J284-PrestationsDirects_SERAFIN/FHIR/JDV-J284-PrestationsDirects-SERAFIN|20241025120000"
        }]
      }
    }
  }]
}