{"resourceType":"CodeSystem","id":"TDDUIEncounterParticipant","meta":{"profile":["http://hl7.org/fhir/StructureDefinition/shareablecodesystem"]},"text":{"status":"generated","div":"<div xmlns=\"http://www.w3.org/1999/xhtml\"><p class=\"res-header-id\"><b>Narratif généré : CodeSystem TDDUIEncounterParticipant</b></p><a name=\"TDDUIEncounterParticipant\"> </a><a name=\"hcTDDUIEncounterParticipant\"> </a><div style=\"display: inline-block; background-color: #d9e0e7; padding: 6px; margin: 4px; border: 1px solid #8da1b4; border-radius: 5px; line-height: 60%\"><p style=\"margin-bottom: 0px\"/><p style=\"margin-bottom: 0px\">Profil: <a href=\"http://hl7.org/fhir/R4/shareablecodesystem.html\">Shareable CodeSystem</a></p></div><p>This case-sensitive code system <code>https://interop.esante.gouv.fr/ig/fhir/tddui/CodeSystem/TDDUIEncounterParticipant</code> defines the following code:</p><table class=\"codes\"><tr><td style=\"white-space:nowrap\"><b>Code</b></td><td><b>Display</b></td></tr><tr><td style=\"white-space:nowrap\">AUT<a name=\"TDDUIEncounterParticipant-AUT\"> </a></td><td>Auteur du statut de la ressource</td></tr></table></div>"},"url":"https://interop.esante.gouv.fr/ig/fhir/tddui/CodeSystem/TDDUIEncounterParticipant","version":"2.1.0-ballot","name":"TDDUIEncounterParticipant","title":"TDDUI Encounter Participant Type","status":"active","experimental":false,"date":"2025-11-27T16:23:25+00:00","publisher":"ANS","contact":[{"name":"ANS","telecom":[{"system":"url","value":"https://esante.gouv.fr"}]}],"description":"CodeSystem for the participant types in TDDUI Encounter","jurisdiction":[{"coding":[{"system":"urn:iso:std:iso:3166","code":"FR","display":"FRANCE"}]}],"caseSensitive":true,"content":"complete","count":1,"concept":[{"code":"AUT","display":"Auteur du statut de la ressource"}]}