{"resourceType":"ValueSet","id":"tddui-serafin-valueset","meta":{"profile":["http://hl7.org/fhir/StructureDefinition/shareablevalueset"]},"text":{"status":"generated","div":"<div xmlns=\"http://www.w3.org/1999/xhtml\"><p class=\"res-header-id\"><b>Narratif généré : EnsembleValeurs tddui-serafin-valueset</b></p><a name=\"tddui-serafin-valueset\"> </a><a name=\"hctddui-serafin-valueset\"> </a><div style=\"display: inline-block; background-color: #d9e0e7; padding: 6px; margin: 4px; border: 1px solid #8da1b4; border-radius: 5px; line-height: 60%\"><p style=\"margin-bottom: 0px\"/><p style=\"margin-bottom: 0px\">Profil: <a href=\"http://hl7.org/fhir/R4/shareablevalueset.html\">Shareable ValueSet</a></p></div><ul><li>Importe tous les codes contenus dans lintersection de <a href=\"https://interop.esante.gouv.fr/terminologies/1.4.0/ValueSet-JDV-J283-PrestationsIndirects-SERAFIN.html\">JDV_J283_PrestationsIndirects_SERAFIN</a> and <a href=\"https://interop.esante.gouv.fr/terminologies/1.4.0/ValueSet-JDV-J284-PrestationsDirects-SERAFIN.html\">JDV_J284_PrestationsDirects_SERAFIN</a></li></ul></div>"},"url":"https://interop.esante.gouv.fr/ig/fhir/tddui/ValueSet/tddui-serafin-valueset","version":"2.1.0-ballot","name":"TDDUISerafinValueSet","title":"TDDUI SERAFIN ValueSet","status":"active","experimental":false,"date":"2025-11-20T10:32:05+00:00","publisher":"ANS","contact":[{"name":"ANS","telecom":[{"system":"url","value":"https://esante.gouv.fr"}]}],"description":"ValueSet contenant les codes SERAFIN (prestations directes et indirectes) pour le profil TDDUI Encounter Evenement.","jurisdiction":[{"coding":[{"system":"urn:iso:std:iso:3166","code":"FR","display":"FRANCE"}]}],"compose":{"include":[{"valueSet":["https://mos.esante.gouv.fr/NOS/JDV_J283-PrestationsIndirects_SERAFIN/FHIR/JDV-J283-PrestationsIndirects-SERAFIN","https://mos.esante.gouv.fr/NOS/JDV_J284-PrestationsDirects_SERAFIN/FHIR/JDV-J284-PrestationsDirects-SERAFIN"]}]}}