{
  "codeSystems" : [
    {
      "url" : "http://hl7.org/fhir/ValueSet/address-type",
      "version" : "4.0.1",
      "status" : "active",
      "name" : "AddressType",
      "title" : "AddressType",
      "description" : "The type of an address (physical / postal).",
      "systems" : ["http://hl7.org/fhir/address-type"],
      "oids" : ["2.16.840.1.113883.4.642.3.69"],
      "sources" : ["2.16.840.1.113883.4.642.3.69"],
      "uses" : {
      },
      "StructureDefinition-tddui-patient.html" : "TDDUI Patient",
      "StructureDefinition-tddui-patient-ins.html" : "TDDUI Patient INS"
    },
    {
      "url" : "http://hl7.org/fhir/ValueSet/address-use",
      "version" : "4.0.1",
      "status" : "active",
      "name" : "AddressUse",
      "title" : "AddressUse",
      "description" : "The use of an address.",
      "systems" : ["http://hl7.org/fhir/address-use"],
      "oids" : ["2.16.840.1.113883.4.642.3.67"],
      "sources" : ["2.16.840.1.113883.4.642.3.67"],
      "uses" : {
      },
      "StructureDefinition-tddui-patient.html" : "TDDUI Patient",
      "StructureDefinition-tddui-patient-ins.html" : "TDDUI Patient INS"
    },
    {
      "url" : "http://hl7.org/fhir/ValueSet/administrative-gender",
      "version" : "4.0.1",
      "status" : "active",
      "name" : "AdministrativeGender",
      "title" : "AdministrativeGender",
      "description" : "The gender of a person used for administrative purposes.",
      "systems" : ["http://hl7.org/fhir/administrative-gender"],
      "oids" : ["2.16.840.1.113883.4.642.3.1"],
      "sources" : ["2.16.840.1.113883.4.642.3.1"],
      "uses" : {
      },
      "StructureDefinition-tddui-practitioner.html" : "TDDUI Practitioner",
      "StructureDefinition-tddui-patient.html" : "TDDUI Patient",
      "StructureDefinition-tddui-patient-ins.html" : "TDDUI Patient INS"
    },
    {
      "url" : "http://hl7.org/fhir/ValueSet/bundle-type",
      "version" : "4.0.1",
      "status" : "active",
      "name" : "BundleType",
      "title" : "BundleType",
      "description" : "Indicates the purpose of a bundle - how it is intended to be used.",
      "systems" : ["http://hl7.org/fhir/bundle-type"],
      "oids" : ["2.16.840.1.113883.4.642.3.620"],
      "sources" : ["2.16.840.1.113883.4.642.3.620"],
      "uses" : {
      },
      "StructureDefinition-tddui-bundle.html" : "TDDUI Bundle"
    },
    {
      "url" : "http://hl7.org/fhir/ValueSet/common-tags",
      "version" : "4.0.1",
      "status" : "draft",
      "name" : "CommonTags",
      "title" : "Common Tags",
      "description" : "Common Tag Codes defined by FHIR project",
      "systems" : ["http://terminology.hl7.org/CodeSystem/common-tags"],
      "oids" : ["2.16.840.1.113883.4.642.3.79"],
      "sources" : ["2.16.840.1.113883.4.642.3.79"],
      "uses" : {
      },
      "StructureDefinition-tddui-practitioner.html" : "TDDUI Practitioner",
      "StructureDefinition-tddui-encounter-evenement.html" : "TDDUI Encounter Evenement",
      "StructureDefinition-tddui-patient.html" : "TDDUI Patient",
      "StructureDefinition-tddui-document-reference.html" : "TDDUI DocumentReference",
      "StructureDefinition-tddui-practitioner-role.html" : "TDDUI Practitioner Role",
      "StructureDefinition-tddui-organization.html" : "TDDUI Organization",
      "StructureDefinition-tddui-patient-ins.html" : "TDDUI Patient INS",
      "StructureDefinition-tddui-questionnaire-response.html" : "TDDUI QuestionnaireResponse"
    },
    {
      "url" : "http://hl7.org/fhir/ValueSet/composition-status",
      "version" : "4.0.1",
      "status" : "draft",
      "name" : "CompositionStatus",
      "title" : "CompositionStatus",
      "description" : "The workflow/clinical status of the composition.",
      "systems" : ["http://hl7.org/fhir/composition-status"],
      "oids" : ["2.16.840.1.113883.4.642.3.241"],
      "sources" : ["2.16.840.1.113883.4.642.3.241"],
      "uses" : {
      },
      "StructureDefinition-tddui-document-reference.html" : "TDDUI DocumentReference"
    },
    {
      "url" : "http://hl7.org/fhir/ValueSet/contactentity-type",
      "version" : "4.0.1",
      "status" : "draft",
      "name" : "ContactEntityType",
      "title" : "Contact entity type",
      "description" : "This example value set defines a set of codes that can be used to indicate the purpose for which you would contact a contact party.",
      "systems" : ["http://terminology.hl7.org/CodeSystem/contactentity-type"],
      "oids" : ["2.16.840.1.113883.4.642.3.416"],
      "sources" : ["2.16.840.1.113883.4.642.3.416"],
      "uses" : {
      },
      "StructureDefinition-tddui-organization.html" : "TDDUI Organization"
    },
    {
      "url" : "http://hl7.org/fhir/ValueSet/days-of-week",
      "version" : "4.0.1",
      "status" : "active",
      "name" : "DaysOfWeek",
      "title" : "DaysOfWeek",
      "description" : "The days of the week.",
      "systems" : ["http://hl7.org/fhir/days-of-week"],
      "oids" : ["2.16.840.1.113883.4.642.3.512"],
      "sources" : ["2.16.840.1.113883.4.642.3.512"],
      "uses" : {
      },
      "StructureDefinition-tddui-practitioner-role.html" : "TDDUI Practitioner Role"
    },
    {
      "url" : "http://hl7.org/fhir/ValueSet/diagnosis-role",
      "version" : "4.0.1",
      "status" : "draft",
      "name" : "DiagnosisRole",
      "title" : "DiagnosisRole",
      "description" : "This value set defines a set of codes that can be used to express the role of a diagnosis on the Encounter or EpisodeOfCare record.",
      "systems" : ["http://terminology.hl7.org/CodeSystem/diagnosis-role"],
      "oids" : ["2.16.840.1.113883.4.642.3.49"],
      "sources" : ["2.16.840.1.113883.4.642.3.49"],
      "uses" : {
      },
      "StructureDefinition-tddui-encounter-sejour.html" : "TDDUI Encounter Sejour",
      "StructureDefinition-tddui-encounter-evenement.html" : "TDDUI Encounter Evenement"
    },
    {
      "url" : "http://hl7.org/fhir/ValueSet/document-reference-status",
      "version" : "4.0.1",
      "status" : "draft",
      "name" : "DocumentReferenceStatus",
      "title" : "DocumentReferenceStatus",
      "description" : "The status of the document reference.",
      "systems" : ["http://hl7.org/fhir/document-reference-status"],
      "oids" : ["2.16.840.1.113883.4.642.3.7"],
      "sources" : ["2.16.840.1.113883.4.642.3.7"],
      "uses" : {
      },
      "StructureDefinition-tddui-document-reference.html" : "TDDUI DocumentReference"
    },
    {
      "url" : "http://hl7.org/fhir/ValueSet/document-relationship-type",
      "version" : "4.0.1",
      "status" : "draft",
      "name" : "DocumentRelationshipType",
      "title" : "DocumentRelationshipType",
      "description" : "The type of relationship between documents.",
      "systems" : ["http://hl7.org/fhir/document-relationship-type"],
      "oids" : ["2.16.840.1.113883.4.642.3.244"],
      "sources" : ["2.16.840.1.113883.4.642.3.244"],
      "uses" : {
      },
      "StructureDefinition-tddui-document-reference.html" : "TDDUI DocumentReference"
    },
    {
      "url" : "http://hl7.org/fhir/ValueSet/encounter-admit-source",
      "version" : "4.0.1",
      "status" : "draft",
      "name" : "AdmitSource",
      "title" : "Admit source",
      "description" : "This value set defines a set of codes that can be used to indicate from where the patient came in.",
      "systems" : ["http://terminology.hl7.org/CodeSystem/admit-source"],
      "oids" : ["2.16.840.1.113883.4.642.3.257"],
      "sources" : ["2.16.840.1.113883.4.642.3.257"],
      "uses" : {
      },
      "StructureDefinition-tddui-encounter-sejour.html" : "TDDUI Encounter Sejour",
      "StructureDefinition-tddui-encounter-evenement.html" : "TDDUI Encounter Evenement"
    },
    {
      "url" : "http://hl7.org/fhir/ValueSet/encounter-diet",
      "version" : "4.0.1",
      "status" : "draft",
      "name" : "Diet",
      "title" : "Diet",
      "description" : "This value set defines a set of codes that can be used to indicate dietary preferences or restrictions a patient may have.",
      "systems" : ["http://terminology.hl7.org/CodeSystem/diet"],
      "oids" : ["2.16.840.1.113883.4.642.3.255"],
      "sources" : ["2.16.840.1.113883.4.642.3.255"],
      "uses" : {
      },
      "StructureDefinition-tddui-encounter-sejour.html" : "TDDUI Encounter Sejour",
      "StructureDefinition-tddui-encounter-evenement.html" : "TDDUI Encounter Evenement"
    },
    {
      "url" : "http://hl7.org/fhir/ValueSet/encounter-discharge-disposition",
      "version" : "4.0.1",
      "status" : "draft",
      "name" : "DischargeDisposition",
      "title" : "Discharge disposition",
      "description" : "This value set defines a set of codes that can be used to where the patient left the hospital.",
      "systems" : [
        "http://terminology.hl7.org/CodeSystem/discharge-disposition"
      ],
      "oids" : ["2.16.840.1.113883.4.642.3.259"],
      "sources" : ["2.16.840.1.113883.4.642.3.259"],
      "uses" : {
      },
      "StructureDefinition-tddui-encounter-sejour.html" : "TDDUI Encounter Sejour"
    },
    {
      "url" : "http://hl7.org/fhir/ValueSet/encounter-location-status",
      "version" : "4.0.1",
      "status" : "draft",
      "name" : "EncounterLocationStatus",
      "title" : "EncounterLocationStatus",
      "description" : "The status of the location.",
      "systems" : ["http://hl7.org/fhir/encounter-location-status"],
      "oids" : ["2.16.840.1.113883.4.642.3.262"],
      "sources" : ["2.16.840.1.113883.4.642.3.262"],
      "uses" : {
      },
      "StructureDefinition-tddui-encounter-sejour.html" : "TDDUI Encounter Sejour",
      "StructureDefinition-tddui-encounter-evenement.html" : "TDDUI Encounter Evenement"
    },
    {
      "url" : "http://hl7.org/fhir/ValueSet/encounter-participant-type",
      "version" : "4.0.1",
      "status" : "draft",
      "name" : "ParticipantType",
      "title" : "Participant type",
      "description" : "This value set defines a set of codes that can be used to indicate how an individual participates in an encounter.",
      "systems" : [
        "http://terminology.hl7.org/CodeSystem/participant-type",
        "http://terminology.hl7.org/CodeSystem/v3-ParticipationType"
      ],
      "oids" : ["2.16.840.1.113883.4.642.3.250"],
      "sources" : ["2.16.840.1.113883.4.642.3.250"],
      "uses" : {
      },
      "StructureDefinition-tddui-encounter-sejour.html" : "TDDUI Encounter Sejour",
      "StructureDefinition-tddui-encounter-evenement.html" : "TDDUI Encounter Evenement"
    },
    {
      "url" : "http://hl7.org/fhir/ValueSet/encounter-reason",
      "version" : "4.0.1",
      "status" : "draft",
      "name" : "EncounterReasonCodes",
      "title" : "Encounter Reason Codes",
      "description" : "This examples value set defines the set of codes that can be used to indicate reasons for an encounter.",
      "systems" : ["http://snomed.info/sct"],
      "oids" : ["2.16.840.1.113883.4.642.3.261"],
      "sources" : ["2.16.840.1.113883.4.642.3.261"],
      "uses" : {
      },
      "StructureDefinition-tddui-encounter-sejour.html" : "TDDUI Encounter Sejour",
      "StructureDefinition-tddui-encounter-evenement.html" : "TDDUI Encounter Evenement"
    },
    {
      "url" : "http://hl7.org/fhir/ValueSet/encounter-special-arrangements",
      "version" : "4.0.1",
      "status" : "draft",
      "name" : "SpecialArrangements",
      "title" : "Special arrangements",
      "description" : "This value set defines a set of codes that can be used to indicate the kinds of special arrangements in place for a patients visit.",
      "systems" : [
        "http://terminology.hl7.org/CodeSystem/encounter-special-arrangements"
      ],
      "oids" : ["2.16.840.1.113883.4.642.3.253"],
      "sources" : ["2.16.840.1.113883.4.642.3.253"],
      "uses" : {
      },
      "StructureDefinition-tddui-encounter-sejour.html" : "TDDUI Encounter Sejour",
      "StructureDefinition-tddui-encounter-evenement.html" : "TDDUI Encounter Evenement"
    },
    {
      "url" : "http://hl7.org/fhir/ValueSet/encounter-special-courtesy",
      "version" : "4.0.1",
      "status" : "draft",
      "name" : "SpecialCourtesy",
      "title" : "Special courtesy",
      "description" : "This value set defines a set of codes that can be used to indicate special courtesies provided to the patient.",
      "systems" : [
        "http://terminology.hl7.org/CodeSystem/v3-EncounterSpecialCourtesy",
        "http://terminology.hl7.org/CodeSystem/v3-NullFlavor"
      ],
      "oids" : ["2.16.840.1.113883.4.642.3.252"],
      "sources" : ["2.16.840.1.113883.4.642.3.252"],
      "uses" : {
      },
      "StructureDefinition-tddui-encounter-sejour.html" : "TDDUI Encounter Sejour",
      "StructureDefinition-tddui-encounter-evenement.html" : "TDDUI Encounter Evenement"
    },
    {
      "url" : "http://hl7.org/fhir/ValueSet/encounter-status",
      "version" : "4.0.1",
      "status" : "draft",
      "name" : "EncounterStatus",
      "title" : "EncounterStatus",
      "description" : "Current state of the encounter.",
      "systems" : ["http://hl7.org/fhir/encounter-status"],
      "oids" : ["2.16.840.1.113883.4.642.3.246"],
      "sources" : ["2.16.840.1.113883.4.642.3.246"],
      "uses" : {
      },
      "StructureDefinition-tddui-encounter-sejour.html" : "TDDUI Encounter Sejour",
      "StructureDefinition-tddui-encounter-evenement.html" : "TDDUI Encounter Evenement"
    },
    {
      "url" : "http://hl7.org/fhir/ValueSet/encounter-type",
      "version" : "4.0.1",
      "status" : "draft",
      "name" : "EncounterType",
      "title" : "Encounter type",
      "description" : "This example value set defines a set of codes that can be used to indicate the type of encounter: a specific code indicating type of service provided.",
      "systems" : ["http://terminology.hl7.org/CodeSystem/encounter-type"],
      "oids" : ["2.16.840.1.113883.4.642.3.248"],
      "sources" : ["2.16.840.1.113883.4.642.3.248"],
      "uses" : {
      },
      "StructureDefinition-tddui-encounter-sejour.html" : "TDDUI Encounter Sejour",
      "StructureDefinition-tddui-encounter-evenement.html" : "TDDUI Encounter Evenement"
    },
    {
      "url" : "http://hl7.org/fhir/ValueSet/http-verb",
      "version" : "4.0.1",
      "status" : "active",
      "name" : "HTTPVerb",
      "title" : "HTTPVerb",
      "description" : "HTTP verbs (in the HTTP command line). See [HTTP rfc](https://tools.ietf.org/html/rfc7231) for details.",
      "systems" : ["http://hl7.org/fhir/http-verb"],
      "oids" : ["2.16.840.1.113883.4.642.3.624"],
      "sources" : ["2.16.840.1.113883.4.642.3.624"],
      "uses" : {
      },
      "StructureDefinition-tddui-bundle.html" : "TDDUI Bundle"
    },
    {
      "url" : "http://hl7.org/fhir/ValueSet/identifier-type",
      "version" : "4.0.1",
      "status" : "active",
      "name" : "Identifier Type Codes",
      "title" : "IdentifierType",
      "description" : "A coded type for an identifier that can be used to determine which identifier to use for a specific purpose.",
      "systems" : ["http://terminology.hl7.org/CodeSystem/v2-0203"],
      "oids" : ["2.16.840.1.113883.4.642.3.45"],
      "sources" : ["2.16.840.1.113883.4.642.3.45"],
      "uses" : {
      },
      "StructureDefinition-tddui-task-transport-professionnel.html" : "TDDUI Task Transport Professionnel",
      "StructureDefinition-tddui-task-transport-usager.html" : "TDDUI Task Transport Usager",
      "StructureDefinition-tddui-practitioner.html" : "TDDUI Practitioner",
      "StructureDefinition-tddui-encounter-sejour.html" : "TDDUI Encounter Sejour",
      "StructureDefinition-tddui-patient.html" : "TDDUI Patient",
      "StructureDefinition-tddui-organization.html" : "TDDUI Organization",
      "StructureDefinition-tddui-patient-ins.html" : "TDDUI Patient INS",
      "StructureDefinition-tddui-questionnaire-response.html" : "TDDUI QuestionnaireResponse"
    },
    {
      "url" : "http://hl7.org/fhir/ValueSet/identifier-use",
      "version" : "4.0.1",
      "status" : "active",
      "name" : "IdentifierUse",
      "title" : "IdentifierUse",
      "description" : "Identifies the purpose for this identifier, if known .",
      "systems" : ["http://hl7.org/fhir/identifier-use"],
      "oids" : ["2.16.840.1.113883.4.642.3.57"],
      "sources" : ["2.16.840.1.113883.4.642.3.57"],
      "uses" : {
      },
      "StructureDefinition-tddui-task-transport-professionnel.html" : "TDDUI Task Transport Professionnel",
      "StructureDefinition-tddui-task-transport-usager.html" : "TDDUI Task Transport Usager",
      "StructureDefinition-tddui-practitioner.html" : "TDDUI Practitioner",
      "StructureDefinition-tddui-encounter-sejour.html" : "TDDUI Encounter Sejour",
      "StructureDefinition-tddui-encounter-evenement.html" : "TDDUI Encounter Evenement",
      "StructureDefinition-tddui-patient.html" : "TDDUI Patient",
      "StructureDefinition-tddui-organization.html" : "TDDUI Organization",
      "StructureDefinition-tddui-patient-ins.html" : "TDDUI Patient INS",
      "StructureDefinition-tddui-questionnaire-response.html" : "TDDUI QuestionnaireResponse"
    },
    {
      "url" : "http://hl7.org/fhir/ValueSet/languages",
      "version" : "4.0.1",
      "status" : "draft",
      "name" : "CommonLanguages",
      "title" : "Common Languages",
      "description" : "This value set includes common codes from BCP-47 (http://tools.ietf.org/html/bcp47)",
      "systems" : ["urn:ietf:bcp:47"],
      "oids" : ["2.16.840.1.113883.4.642.3.20"],
      "sources" : ["2.16.840.1.113883.4.642.3.20"],
      "uses" : {
      },
      "StructureDefinition-tddui-task-transport-usager.html" : "TDDUI Task Transport Usager",
      "StructureDefinition-tddui-practitioner.html" : "TDDUI Practitioner",
      "StructureDefinition-tddui-encounter-evenement.html" : "TDDUI Encounter Evenement",
      "StructureDefinition-tddui-patient.html" : "TDDUI Patient",
      "StructureDefinition-tddui-organization.html" : "TDDUI Organization",
      "StructureDefinition-tddui-task-transport.html" : "TDDUI Task Transport",
      "StructureDefinition-tddui-task-transport-professionnel.html" : "TDDUI Task Transport Professionnel",
      "StructureDefinition-tddui-encounter-sejour.html" : "TDDUI Encounter Sejour",
      "StructureDefinition-tddui-document-reference.html" : "TDDUI DocumentReference",
      "StructureDefinition-tddui-practitioner-role.html" : "TDDUI Practitioner Role",
      "StructureDefinition-tddui-patient-ins.html" : "TDDUI Patient INS",
      "StructureDefinition-tddui-bundle.html" : "TDDUI Bundle",
      "StructureDefinition-tddui-questionnaire-response.html" : "TDDUI QuestionnaireResponse"
    },
    {
      "url" : "http://hl7.org/fhir/ValueSet/link-type",
      "version" : "4.0.1",
      "status" : "active",
      "name" : "LinkType",
      "title" : "LinkType",
      "description" : "The type of link between this patient resource and another patient resource.",
      "systems" : ["http://hl7.org/fhir/link-type"],
      "oids" : ["2.16.840.1.113883.4.642.3.423"],
      "sources" : ["2.16.840.1.113883.4.642.3.423"],
      "uses" : {
      },
      "StructureDefinition-tddui-patient.html" : "TDDUI Patient",
      "StructureDefinition-tddui-patient-ins.html" : "TDDUI Patient INS"
    },
    {
      "url" : "http://hl7.org/fhir/ValueSet/location-physical-type",
      "version" : "4.0.1",
      "status" : "draft",
      "name" : "LocationType",
      "title" : "Location type",
      "description" : "This example value set defines a set of codes that can be used to indicate the physical form of the Location.",
      "systems" : [
        "http://terminology.hl7.org/CodeSystem/location-physical-type"
      ],
      "oids" : ["2.16.840.1.113883.4.642.3.328"],
      "sources" : ["2.16.840.1.113883.4.642.3.328"],
      "uses" : {
      },
      "StructureDefinition-tddui-encounter-sejour.html" : "TDDUI Encounter Sejour"
    },
    {
      "url" : "http://hl7.org/fhir/ValueSet/mimetypes",
      "version" : "4.0.1",
      "status" : "active",
      "name" : "Mime Types",
      "title" : "MimeType",
      "description" : "This value set includes all possible codes from BCP-13 (http://tools.ietf.org/html/bcp13)",
      "systems" : ["urn:ietf:bcp:13"],
      "oids" : ["2.16.840.1.113883.4.642.3.1024"],
      "sources" : ["2.16.840.1.113883.4.642.3.1024"],
      "uses" : {
      },
      "StructureDefinition-tddui-document-reference.html" : "TDDUI DocumentReference"
    },
    {
      "url" : "http://hl7.org/fhir/ValueSet/name-use",
      "version" : "4.0.1",
      "status" : "active",
      "name" : "NameUse",
      "title" : "NameUse",
      "description" : "The use of a human name.",
      "systems" : ["http://hl7.org/fhir/name-use"],
      "oids" : ["2.16.840.1.113883.4.642.3.65"],
      "sources" : ["2.16.840.1.113883.4.642.3.65"],
      "uses" : {
      },
      "StructureDefinition-tddui-practitioner.html" : "TDDUI Practitioner",
      "StructureDefinition-tddui-patient.html" : "TDDUI Patient",
      "StructureDefinition-tddui-patient-ins.html" : "TDDUI Patient INS",
      "StructureDefinition-tddui-human-name.html" : "TDDUI Human Name DataType"
    },
    {
      "url" : "http://hl7.org/fhir/ValueSet/organization-type",
      "version" : "4.0.1",
      "status" : "draft",
      "name" : "OrganizationType",
      "title" : "Organization type",
      "description" : "This example value set defines a set of codes that can be used to indicate a type of organization.",
      "systems" : ["http://terminology.hl7.org/CodeSystem/organization-type"],
      "oids" : ["2.16.840.1.113883.4.642.3.414"],
      "sources" : ["2.16.840.1.113883.4.642.3.414"],
      "uses" : {
      },
      "StructureDefinition-tddui-organization.html" : "TDDUI Organization"
    },
    {
      "url" : "http://hl7.org/fhir/ValueSet/patient-contactrelationship",
      "version" : "4.0.1",
      "status" : "active",
      "name" : "PatientContactRelationship",
      "title" : "Patient Contact Relationship ",
      "description" : "The nature of the relationship between the patient and the contact person.",
      "systems" : ["http://terminology.hl7.org/CodeSystem/v2-0131"],
      "oids" : ["2.16.840.1.113883.4.642.3.1130"],
      "sources" : ["2.16.840.1.113883.4.642.3.1130"],
      "uses" : {
      },
      "StructureDefinition-tddui-patient.html" : "TDDUI Patient",
      "StructureDefinition-tddui-patient-ins.html" : "TDDUI Patient INS"
    },
    {
      "url" : "http://hl7.org/fhir/ValueSet/performer-role",
      "version" : "4.0.1",
      "status" : "draft",
      "name" : "ProcedurePerformerRoleCodes",
      "title" : "Procedure Performer Role Codes",
      "description" : "This example value set defines the set of codes that can be used to indicate a role of a procedure performer.",
      "systems" : ["http://snomed.info/sct"],
      "oids" : ["2.16.840.1.113883.4.642.3.433"],
      "sources" : ["2.16.840.1.113883.4.642.3.433"],
      "uses" : {
      },
      "StructureDefinition-tddui-task-transport-professionnel.html" : "TDDUI Task Transport Professionnel",
      "StructureDefinition-tddui-task-transport-usager.html" : "TDDUI Task Transport Usager",
      "StructureDefinition-tddui-task-transport.html" : "TDDUI Task Transport"
    },
    {
      "url" : "http://hl7.org/fhir/ValueSet/questionnaire-answers",
      "version" : "4.0.1",
      "status" : "draft",
      "name" : "QuestionnaireAnswerCodes",
      "title" : "Questionnaire Answer Codes",
      "description" : "Example list of codes for answers to questions. (Not complete or necessarily appropriate.)",
      "systems" : ["http://snomed.info/sct"],
      "oids" : ["2.16.840.1.113883.4.642.3.446"],
      "sources" : ["2.16.840.1.113883.4.642.3.446"],
      "uses" : {
      },
      "StructureDefinition-tddui-questionnaire-response.html" : "TDDUI QuestionnaireResponse"
    },
    {
      "url" : "http://hl7.org/fhir/ValueSet/questionnaire-answers-status",
      "version" : "4.0.1",
      "status" : "draft",
      "name" : "QuestionnaireResponseStatus",
      "title" : "QuestionnaireResponseStatus",
      "description" : "Lifecycle status of the questionnaire response.",
      "systems" : ["http://hl7.org/fhir/questionnaire-answers-status"],
      "oids" : ["required"],
      "sources" : ["required"],
      "uses" : {
      },
      "StructureDefinition-tddui-questionnaire-response.html" : "TDDUI QuestionnaireResponse"
    },
    {
      "url" : "http://hl7.org/fhir/ValueSet/request-priority",
      "version" : "4.0.1",
      "status" : "draft",
      "name" : "RequestPriority",
      "title" : "Request priority",
      "description" : "The clinical priority of a diagnostic order.",
      "systems" : ["http://hl7.org/fhir/request-priority"],
      "oids" : ["2.16.840.1.113883.4.642.3.115"],
      "sources" : ["2.16.840.1.113883.4.642.3.115"],
      "uses" : {
      },
      "StructureDefinition-tddui-task-transport-professionnel.html" : "TDDUI Task Transport Professionnel",
      "StructureDefinition-tddui-task-transport-usager.html" : "TDDUI Task Transport Usager",
      "StructureDefinition-tddui-task-transport.html" : "TDDUI Task Transport"
    },
    {
      "url" : "http://hl7.org/fhir/ValueSet/search-entry-mode",
      "version" : "4.0.1",
      "status" : "active",
      "name" : "SearchEntryMode",
      "title" : "SearchEntryMode",
      "description" : "Why an entry is in the result set - whether it's included as a match or because of an _include requirement, or to convey information or warning information about the search process.",
      "systems" : ["http://hl7.org/fhir/search-entry-mode"],
      "oids" : ["2.16.840.1.113883.4.642.3.622"],
      "sources" : ["2.16.840.1.113883.4.642.3.622"],
      "uses" : {
      },
      "StructureDefinition-tddui-bundle.html" : "TDDUI Bundle"
    },
    {
      "url" : "http://hl7.org/fhir/ValueSet/security-labels",
      "version" : "4.0.1",
      "status" : "active",
      "name" : "All Security Labels",
      "title" : "SecurityLabels",
      "description" : "A single value set for all security labels defined by FHIR.",
      "systems" : [
        "http://terminology.hl7.org/CodeSystem/v3-ActReason",
        "http://terminology.hl7.org/CodeSystem/v3-ActUSPrivacyLaw",
        "http://terminology.hl7.org/CodeSystem/v3-ObservationValue",
        "http://terminology.hl7.org/CodeSystem/v3-ActCode",
        "http://terminology.hl7.org/CodeSystem/v3-Confidentiality"
      ],
      "oids" : ["2.16.840.1.113883.4.642.3.47"],
      "sources" : ["2.16.840.1.113883.4.642.3.47"],
      "uses" : {
      },
      "StructureDefinition-tddui-practitioner.html" : "TDDUI Practitioner",
      "StructureDefinition-tddui-encounter-evenement.html" : "TDDUI Encounter Evenement",
      "StructureDefinition-tddui-patient.html" : "TDDUI Patient",
      "StructureDefinition-tddui-document-reference.html" : "TDDUI DocumentReference",
      "StructureDefinition-tddui-practitioner-role.html" : "TDDUI Practitioner Role",
      "StructureDefinition-tddui-organization.html" : "TDDUI Organization",
      "StructureDefinition-tddui-patient-ins.html" : "TDDUI Patient INS",
      "StructureDefinition-tddui-questionnaire-response.html" : "TDDUI QuestionnaireResponse"
    },
    {
      "url" : "http://hl7.org/fhir/ValueSet/service-type",
      "version" : "4.0.1",
      "status" : "draft",
      "name" : "ServiceType",
      "title" : "Service type",
      "description" : "This value set defines an example set of codes of service-types.",
      "systems" : ["http://terminology.hl7.org/CodeSystem/service-type"],
      "oids" : ["2.16.840.1.113883.4.642.3.518"],
      "sources" : ["2.16.840.1.113883.4.642.3.518"],
      "uses" : {
      },
      "StructureDefinition-tddui-encounter-sejour.html" : "TDDUI Encounter Sejour",
      "StructureDefinition-tddui-encounter-evenement.html" : "TDDUI Encounter Evenement"
    },
    {
      "url" : "http://hl7.org/fhir/ValueSet/task-intent",
      "version" : "4.0.1",
      "status" : "draft",
      "name" : "TaskIntent",
      "title" : "TaskIntent",
      "description" : "Distinguishes whether the task is a proposal, plan or full order.",
      "systems" : [
        "http://hl7.org/fhir/request-intent",
        "http://hl7.org/fhir/task-intent"
      ],
      "oids" : ["2.16.840.1.113883.4.642.3.1240"],
      "sources" : ["2.16.840.1.113883.4.642.3.1240"],
      "uses" : {
      },
      "StructureDefinition-tddui-task-transport-professionnel.html" : "TDDUI Task Transport Professionnel",
      "StructureDefinition-tddui-task-transport-usager.html" : "TDDUI Task Transport Usager",
      "StructureDefinition-tddui-task-transport.html" : "TDDUI Task Transport"
    },
    {
      "url" : "http://hl7.org/fhir/ValueSet/task-status",
      "version" : "4.0.1",
      "status" : "draft",
      "name" : "TaskStatus",
      "title" : "TaskStatus",
      "description" : "The current status of the task.",
      "systems" : ["http://hl7.org/fhir/task-status"],
      "oids" : ["2.16.840.1.113883.4.642.3.790"],
      "sources" : ["2.16.840.1.113883.4.642.3.790"],
      "uses" : {
      },
      "StructureDefinition-tddui-task-transport-professionnel.html" : "TDDUI Task Transport Professionnel",
      "StructureDefinition-tddui-task-transport-usager.html" : "TDDUI Task Transport Usager",
      "StructureDefinition-tddui-task-transport.html" : "TDDUI Task Transport"
    },
    {
      "url" : "http://terminology.hl7.org/ValueSet/v2-0092",
      "version" : "2.0.0",
      "status" : "active",
      "name" : "Hl7VSReAdmissionIndicator",
      "title" : "hl7VS-re-admissionIndicator",
      "description" : "Value Set of codes which are used to specify that a patient is being re-admitted to a healthcare facility from which they were discharged, and indicates the circumstances around such re-admission.",
      "systems" : ["http://terminology.hl7.org/CodeSystem/v2-0092"],
      "oids" : ["2.16.840.1.113883.21.40"],
      "sources" : ["2.16.840.1.113883.21.40"],
      "uses" : {
      },
      "StructureDefinition-tddui-encounter-sejour.html" : "TDDUI Encounter Sejour",
      "StructureDefinition-tddui-encounter-evenement.html" : "TDDUI Encounter Evenement"
    },
    {
      "url" : "http://terminology.hl7.org/ValueSet/v2-2.7-0360",
      "version" : "0360",
      "status" : "active",
      "name" : "v2.0360.2.7",
      "title" : "v2 table 0360, Version 2.7",
      "description" : "FHIR Value set/code system definition for HL7 v2 table 0360 ver 2.9 ( Degree/License/Certificate)",
      "systems" : ["http://terminology.hl7.org/CodeSystem/v2-0360|2.7"],
      "uses" : {
      },
      "StructureDefinition-tddui-practitioner.html" : "TDDUI Practitioner"
    },
    {
      "url" : "http://terminology.hl7.org/ValueSet/v3-ActCode",
      "version" : "3.0.0",
      "status" : "active",
      "name" : "ActCode",
      "title" : "v3 Code System ActCode",
      "description" : "A code specifying the particular kind of Act that the Act-instance represents within its class.  Constraints:\r\nThe kind of Act (e.g. physical examination, serum potassium, inpatient encounter, charge financial transaction, etc.) is specified with a code from one of several, typically external, coding systems.  The coding system will depend on the class of Act, such as LOINC for observations, etc. Conceptually, the Act.code must be a specialization of the Act.classCode. This is why the structure of ActClass domain should be reflected in the superstructure of the ActCode domain and then individual codes or externally referenced vocabularies subordinated under these domains that reflect the ActClass structure. Act.classCode and Act.code are not modifiers of each other but the Act.code concept should really imply the Act.classCode concept. For a negative example, it is not appropriate to use an Act.code \"potassium\" together with and Act.classCode for \"laboratory observation\" to somehow mean \"potassium laboratory observation\" and then use the same Act.code for \"potassium\" together with Act.classCode for \"medication\" to mean \"substitution of potassium\". This mutually modifying use of Act.code and Act.classCode is not permitted.",
      "systems" : ["http://terminology.hl7.org/CodeSystem/v3-ActCode"],
      "uses" : {
      },
      "StructureDefinition-tddui-document-reference.html" : "TDDUI DocumentReference"
    },
    {
      "url" : "http://terminology.hl7.org/ValueSet/v3-ActEncounterCode",
      "version" : "3.0.0",
      "status" : "active",
      "name" : "ActEncounterCode",
      "title" : "ActEncounterCode",
      "description" : "Domain provides codes that qualify the ActEncounterClass (ENC)",
      "systems" : ["http://terminology.hl7.org/CodeSystem/v3-ActCode"],
      "oids" : ["2.16.840.1.113883.1.11.13955"],
      "sources" : ["2.16.840.1.113883.1.11.13955"],
      "uses" : {
      },
      "StructureDefinition-tddui-encounter-sejour.html" : "TDDUI Encounter Sejour",
      "StructureDefinition-tddui-encounter-evenement.html" : "TDDUI Encounter Evenement"
    },
    {
      "url" : "http://terminology.hl7.org/ValueSet/v3-ActPriority",
      "version" : "3.0.0",
      "status" : "active",
      "name" : "ActPriority",
      "title" : "ActPriority",
      "description" : "A code or set of codes (e.g., for routine, emergency,) specifying the urgency under which the Act happened, can happen, is happening, is intended to happen, or is requested/demanded to happen.\r\n\r\n*Discussion:* This attribute is used in orders to indicate the ordered priority, and in event documentation it indicates the actual priority used to perform the act. In definition mood it indicates the available priorities.",
      "systems" : ["http://terminology.hl7.org/CodeSystem/v3-ActPriority"],
      "oids" : ["2.16.840.1.113883.1.11.16866"],
      "sources" : ["2.16.840.1.113883.1.11.16866"],
      "uses" : {
      },
      "StructureDefinition-tddui-encounter-sejour.html" : "TDDUI Encounter Sejour",
      "StructureDefinition-tddui-encounter-evenement.html" : "TDDUI Encounter Evenement"
    },
    {
      "url" : "https://hl7.fr/ig/fhir/core/ValueSet/fr-core-vs-encounter-discharge-disposition",
      "version" : "2.1.0",
      "status" : "active",
      "name" : "FRCoreValueSetEncounterDischargeDisposition",
      "title" : "FR Core ValueSet Encounter discharge disposition",
      "description" : "This value set defines a set of codes that can be used to where the patient left the hospital | Circonstances de sortie de l'hôpital.",
      "systems" : [
        "https://hl7.fr/ig/fhir/core/CodeSystem/fr-core-cs-circonstances-sortie",
        "http://terminology.hl7.org/CodeSystem/discharge-disposition"
      ],
      "uses" : {
      },
      "StructureDefinition-tddui-encounter-evenement.html" : "TDDUI Encounter Evenement"
    },
    {
      "url" : "https://hl7.fr/ig/fhir/core/ValueSet/fr-core-vs-encounter-identifier-type",
      "version" : "2.1.0",
      "status" : "active",
      "name" : "FRCoreValueSetEncounterIdentifierType",
      "title" : "FR Core ValueSet Encounter identifier type",
      "description" : "A coded type for an identifier that can be used to determine which identifier to use for a specific purpose (Encounters).",
      "systems" : [
        "https://hl7.fr/ig/fhir/core/CodeSystem/fr-core-cs-identifier-type"
      ],
      "uses" : {
      },
      "StructureDefinition-tddui-encounter-evenement.html" : "TDDUI Encounter Evenement"
    },
    {
      "url" : "https://hl7.fr/ig/fhir/core/ValueSet/fr-core-vs-encounter-type",
      "version" : "2.1.0",
      "status" : "active",
      "name" : "FRCoreValueSetEncounterType",
      "title" : "FR Core ValueSet Encounter type",
      "description" : "A coded type for an encounter | Jeu de valeurs des types de rencontre.",
      "systems" : [
        "http://terminology.hl7.org/CodeSystem/v2-0007",
        "https://hl7.fr/ig/fhir/core/CodeSystem/fr-core-cs-type-admission"
      ],
      "uses" : {
      },
      "StructureDefinition-tddui-encounter-evenement.html" : "TDDUI Encounter Evenement"
    },
    {
      "url" : "https://hl7.fr/ig/fhir/core/ValueSet/fr-core-vs-location-physical-type",
      "version" : "2.1.0",
      "status" : "active",
      "name" : "FRCoreValueSetLocationPhysicalType",
      "title" : "FR Core ValueSet Location physical type",
      "description" : "French location physical type | Types de lieux physiques pour la France",
      "systems" : [
        "https://hl7.fr/ig/fhir/core/CodeSystem/fr-core-cs-location-physical-type"
      ],
      "uses" : {
      },
      "StructureDefinition-tddui-encounter-evenement.html" : "TDDUI Encounter Evenement"
    },
    {
      "url" : "https://hl7.fr/ig/fhir/core/ValueSet/fr-core-vs-marital-status",
      "version" : "2.1.0",
      "status" : "active",
      "name" : "FRCoreValueSetMaritalStatus",
      "title" : "FR Core ValueSet Patient gender INS ValueSet",
      "description" : "Patient Gender for INS : male | female | unknown",
      "systems" : [
        "http://terminology.hl7.org/CodeSystem/v3-MaritalStatus",
        "http://terminology.hl7.org/CodeSystem/v3-NullFlavor",
        "https://hl7.fr/ig/fhir/core/CodeSystem/fr-core-cs-marital-status"
      ],
      "uses" : {
      },
      "StructureDefinition-tddui-patient.html" : "TDDUI Patient",
      "StructureDefinition-tddui-patient-ins.html" : "TDDUI Patient INS"
    },
    {
      "url" : "https://hl7.fr/ig/fhir/core/ValueSet/fr-core-vs-organization-type",
      "version" : "2.1.0",
      "status" : "active",
      "name" : "FRCoreValueSetOrganizationType",
      "title" : "FR Core ValueSet Organization type",
      "description" : "Organization types | Types de structures",
      "systems" : ["https://hl7.fr/ig/fhir/core/CodeSystem/fr-core-cs-v2-3307"],
      "uses" : {
      },
      "StructureDefinition-tddui-organization.html" : "TDDUI Organization"
    },
    {
      "url" : "https://hl7.fr/ig/fhir/core/ValueSet/fr-core-vs-patient-contact-role",
      "version" : "2.1.0",
      "status" : "active",
      "name" : "FRCoreValueSetPatientContactRole",
      "title" : "FR Core ValueSet Patient contact role",
      "description" : "ValueSet patient contact role",
      "systems" : [
        "http://terminology.hl7.org/CodeSystem/v2-0131",
        "https://mos.esante.gouv.fr/NOS/TRE_R260-HL7RoleClass/FHIR/TRE-R260-HL7RoleClass",
        "https://mos.esante.gouv.fr/NOS/TRE_R217-ProtectionJuridique/FHIR/TRE-R217-ProtectionJuridique"
      ],
      "uses" : {
      },
      "StructureDefinition-tddui-patient.html" : "TDDUI Patient",
      "StructureDefinition-tddui-patient-ins.html" : "TDDUI Patient INS"
    },
    {
      "url" : "https://hl7.fr/ig/fhir/core/ValueSet/fr-core-vs-patient-gender-INS",
      "version" : "2.1.0",
      "status" : "active",
      "name" : "FRCoreValueSetPatientGenderINS",
      "title" : "FR Core ValueSet Patient gender INS ValueSet",
      "description" : "Patient Gender for INS : male | female | unknown",
      "systems" : ["http://hl7.org/fhir/administrative-gender"],
      "uses" : {
      },
      "StructureDefinition-tddui-patient.html" : "TDDUI Patient",
      "StructureDefinition-tddui-patient-ins.html" : "TDDUI Patient INS"
    },
    {
      "url" : "https://hl7.fr/ig/fhir/core/ValueSet/fr-core-vs-practitioner-role-exercice",
      "version" : "2.1.0",
      "status" : "active",
      "name" : "FRCoreValueSetPractitionerRoleExercice",
      "title" : "FR Core ValueSet PractitionerRole Exercice",
      "description" : "The exercice(s) of the practitioner.",
      "systems" : [
        "https://mos.esante.gouv.fr/NOS/TRE_R85-RolePriseCharge/FHIR/TRE-R85-RolePriseCharge",
        "https://mos.esante.gouv.fr/NOS/TRE_R32-StatutHospitalier/FHIR/TRE-R32-StatutHospitalier",
        "https://mos.esante.gouv.fr/NOS/TRE_G05-SousSectionTableauCNOP/FHIR/TRE-G05-SousSectionTableauCNOP",
        "https://mos.esante.gouv.fr/NOS/TRE_R23-ModeExercice/FHIR/TRE-R23-ModeExercice",
        "https://mos.esante.gouv.fr/NOS/TRE_R22-GenreActivite/FHIR/TRE-R22-GenreActivite",
        "https://mos.esante.gouv.fr/NOS/TRE_R21-Fonction/FHIR/TRE-R21-Fonction",
        "https://mos.esante.gouv.fr/NOS/TRE_R24-TypeActiviteLiberale/FHIR/TRE-R24-TypeActiviteLiberale",
        "https://mos.esante.gouv.fr/NOS/TRE_R06-SectionTableauCNOP/FHIR/TRE-R06-SectionTableauCNOP",
        "https://mos.esante.gouv.fr/NOS/TRE_R96-AutreFonctionSanitaire/FHIR/TRE-R96-AutreFonctionSanitaire"
      ],
      "uses" : {
      },
      "StructureDefinition-tddui-practitioner-role.html" : "TDDUI Practitioner Role"
    },
    {
      "url" : "https://hl7.fr/ig/fhir/core/ValueSet/fr-core-vs-practitioner-specialty",
      "version" : "2.1.0",
      "status" : "active",
      "name" : "FRCoreValueSetPractitionerSpecialty",
      "title" : "FR Core ValueSet Practitioner specialty",
      "description" : "The modalities of exercice of the practitioner, registered by an official organization for a period of time.",
      "systems" : [
        "https://mos.esante.gouv.fr/NOS/TRE_R38-SpecialiteOrdinale/FHIR/TRE-R38-SpecialiteOrdinale"
      ],
      "uses" : {
      },
      "StructureDefinition-tddui-practitioner-role.html" : "TDDUI Practitioner Role"
    },
    {
      "url" : "https://hl7.fr/ig/fhir/core/ValueSet/fr-core-vs-relation-type",
      "version" : "2.1.0",
      "status" : "active",
      "name" : "FRCoreValueSetPatientRelationType",
      "title" : "FR Core ValueSet relation type",
      "description" : "ValueSet relation type",
      "systems" : [
        "https://mos.esante.gouv.fr/NOS/TRE_R216-HL7RoleCode/FHIR/TRE-R216-HL7RoleCode"
      ],
      "uses" : {
      },
      "StructureDefinition-tddui-patient.html" : "TDDUI Patient",
      "StructureDefinition-tddui-patient-ins.html" : "TDDUI Patient INS"
    },
    {
      "url" : "https://interop.esante.gouv.fr/ig/fhir/tddui/ValueSet/tddui-serafin-valueset",
      "version" : "2.0.0",
      "status" : "active",
      "name" : "TDDUISerafinValueSet",
      "title" : "TDDUI SERAFIN ValueSet",
      "description" : "ValueSet contenant les codes SERAFIN (prestations directes et indirectes) pour le profil TDDUI Encounter Evenement.",
      "systems" : ["https://smt.esante.gouv.fr/terminologie-SERAFINPH"],
      "uses" : {
      },
      "StructureDefinition-tddui-encounter-evenement.html" : "TDDUI Encounter Evenement"
    },
    {
      "url" : "https://mos.esante.gouv.fr/NOS/JDV_J01-XdsAuthorSpecialty-CISIS/FHIR/JDV-J01-XdsAuthorSpecialty-CISIS",
      "version" : "20250721120000",
      "status" : "active",
      "name" : "JDV_J01_XdsAuthorSpecialty_CISIS",
      "title" : null,
      "description" : "XDS authorSpecialty CI-SIS",
      "systems" : [
        "https://mos.esante.gouv.fr/NOS/TRE_R85-RolePriseCharge/FHIR/TRE-R85-RolePriseCharge",
        "https://mos.esante.gouv.fr/NOS/TRE_A02-ProfessionSavFaire-CISIS/FHIR/TRE-A02-ProfessionSavFaire-CISIS",
        "https://mos.esante.gouv.fr/NOS/TRE_A00-ProducteurDocNonPS/FHIR/TRE-A00-ProducteurDocNonPS",
        "https://mos.esante.gouv.fr/NOS/TRE_R95-UsagerTitre/FHIR/TRE-R95-UsagerTitre",
        "https://mos.esante.gouv.fr/NOS/TRE_R94-ProfessionSocial/FHIR/TRE-R94-ProfessionSocial"
      ],
      "oids" : ["1.2.250.1.213.1.1.5.461"],
      "sources" : ["1.2.250.1.213.1.1.5.461"],
      "uses" : {
      },
      "StructureDefinition-tddui-profession.html" : "TDDUI Profession"
    },
    {
      "url" : "https://mos.esante.gouv.fr/NOS/JDV_J02-XdsHealthcareFacilityTypeCode-CISIS/FHIR/JDV-J02-XdsHealthcareFacilityTypeCode-CISIS",
      "version" : "20250523120000",
      "status" : "active",
      "name" : "JDV_J02_XdsHealthcareFacilityTypeCode_CISIS",
      "title" : null,
      "description" : "XDS healthcareFacilityTypeCode CI-SIS",
      "systems" : [
        "https://mos.esante.gouv.fr/NOS/TRE_A00-ProducteurDocNonPS/FHIR/TRE-A00-ProducteurDocNonPS",
        "https://mos.esante.gouv.fr/NOS/TRE_R02-SecteurActivite/FHIR/TRE-R02-SecteurActivite"
      ],
      "oids" : ["1.2.250.1.213.1.1.5.466"],
      "sources" : ["1.2.250.1.213.1.1.5.466"],
      "uses" : {
      },
      "StructureDefinition-tddui-document-reference.html" : "TDDUI DocumentReference"
    },
    {
      "url" : "https://mos.esante.gouv.fr/NOS/JDV_J04-XdsPracticeSettingCode-CISIS/FHIR/JDV-J04-XdsPracticeSettingCode-CISIS",
      "version" : "20240927120000",
      "status" : "active",
      "name" : "JDV_J04_XdsPracticeSettingCode_CISIS",
      "title" : null,
      "description" : "XDS practiceSettingCode CI-SIS",
      "systems" : [
        "https://mos.esante.gouv.fr/NOS/TRE_A01-CadreExercice/FHIR/TRE-A01-CadreExercice",
        "https://mos.esante.gouv.fr/NOS/TRE_A00-ProducteurDocNonPS/FHIR/TRE-A00-ProducteurDocNonPS"
      ],
      "oids" : ["1.2.250.1.213.1.1.5.467"],
      "sources" : ["1.2.250.1.213.1.1.5.467"],
      "uses" : {
      },
      "StructureDefinition-tddui-document-reference.html" : "TDDUI DocumentReference"
    },
    {
      "url" : "https://mos.esante.gouv.fr/NOS/JDV_J06-XdsClassCode-CISIS/FHIR/JDV-J06-XdsClassCode-CISIS",
      "version" : "20230922120000",
      "status" : "active",
      "name" : "JDV_J06_XdsClassCode_CISIS",
      "title" : null,
      "description" : "XDS classCode CI-SIS",
      "systems" : [
        "https://mos.esante.gouv.fr/NOS/TRE_A10-NomenclatureURN/FHIR/TRE-A10-NomenclatureURN",
        "https://mos.esante.gouv.fr/NOS/TRE_A03-ClasseDocument/FHIR/TRE-A03-ClasseDocument"
      ],
      "oids" : ["1.2.250.1.213.1.1.5.462"],
      "sources" : ["1.2.250.1.213.1.1.5.462"],
      "uses" : {
      },
      "StructureDefinition-tddui-document-reference.html" : "TDDUI DocumentReference"
    },
    {
      "url" : "https://mos.esante.gouv.fr/NOS/JDV_J07-XdsTypeCode-CISIS/FHIR/JDV-J07-XdsTypeCode-CISIS",
      "version" : "20250623120000",
      "status" : "active",
      "name" : "JDV_J07_XdsTypeCode_CISIS",
      "title" : null,
      "description" : "XDS typeCode CI-SIS",
      "systems" : [
        "https://mos.esante.gouv.fr/NOS/TRE_A12-NomenclatureASTM/FHIR/TRE-A12-NomenclatureASTM",
        "http://loinc.org",
        "https://mos.esante.gouv.fr/NOS/TRE_A05-TypeDocComplementaire/FHIR/TRE-A05-TypeDocComplementaire"
      ],
      "oids" : ["1.2.250.1.213.1.1.5.471"],
      "sources" : ["1.2.250.1.213.1.1.5.471"],
      "uses" : {
      },
      "StructureDefinition-tddui-document-reference.html" : "TDDUI DocumentReference"
    },
    {
      "url" : "https://mos.esante.gouv.fr/NOS/JDV_J10-XdsFormatCode-CISIS/FHIR/JDV-J10-XdsFormatCode-CISIS",
      "version" : "20240726120000",
      "status" : "active",
      "name" : "JDV_J10_XdsFormatCode_CISIS",
      "title" : null,
      "description" : "XDS formatCode documents CI-SIS",
      "systems" : [
        "https://mos.esante.gouv.fr/NOS/TRE_A10-NomenclatureURN/FHIR/TRE-A10-NomenclatureURN",
        "https://mos.esante.gouv.fr/NOS/TRE_A06-FormatCodeComplementaire/FHIR/TRE-A06-FormatCodeComplementaire",
        "https://mos.esante.gouv.fr/NOS/TRE_A11-IheFormatCode/FHIR/TRE-A11-IheFormatCode",
        "https://mos.esante.gouv.fr/NOS/TRE_A09-DICOMuidRegistry/FHIR/TRE-A09-DICOMuidRegistry"
      ],
      "oids" : ["1.2.250.1.213.1.1.5.465"],
      "sources" : ["1.2.250.1.213.1.1.5.465"],
      "uses" : {
      },
      "StructureDefinition-tddui-document-reference.html" : "TDDUI DocumentReference"
    },
    {
      "url" : "https://mos.esante.gouv.fr/NOS/JDV_J101-SecteurActivite-RASS/FHIR/JDV-J101-SecteurActivite-RASS",
      "version" : "20250523120000",
      "status" : "active",
      "name" : "JDV_J101_SecteurActivite_RASS",
      "title" : null,
      "description" : "Secteurs d'activité des établissements avec la même activité dans le RASS",
      "systems" : [
        "https://mos.esante.gouv.fr/NOS/TRE_R02-SecteurActivite/FHIR/TRE-R02-SecteurActivite"
      ],
      "oids" : ["1.2.250.1.213.1.6.1.169"],
      "sources" : ["1.2.250.1.213.1.6.1.169"],
      "uses" : {
      },
      "StructureDefinition-tddui-organization.html" : "TDDUI Organization"
    },
    {
      "url" : "https://mos.esante.gouv.fr/NOS/JDV_J105-EnsembleDiplome-RASS/FHIR/JDV-J105-EnsembleDiplome-RASS",
      "version" : "20250425120000",
      "status" : "active",
      "name" : "JDV_J105_EnsembleDiplome_RASS",
      "title" : null,
      "description" : "Ensemble des diplômes et qualifications du RASS",
      "systems" : [
        "https://mos.esante.gouv.fr/NOS/TRE_R48-DiplomeEtatFrancais/FHIR/TRE-R48-DiplomeEtatFrancais",
        "https://mos.esante.gouv.fr/NOS/TRE_R55-CertificatEtudeSpeciale/FHIR/TRE-R55-CertificatEtudeSpeciale",
        "https://mos.esante.gouv.fr/NOS/TRE_R54-DiplomeUniversiteInterUniversitaire/FHIR/TRE-R54-DiplomeUniversiteInterUniversitaire",
        "https://mos.esante.gouv.fr/NOS/TRE_R50-DESCGroupe1Diplome/FHIR/TRE-R50-DESCGroupe1Diplome",
        "https://mos.esante.gouv.fr/NOS/TRE_R226-Dip2iemeCycleNQ/FHIR/TRE-R226-Dip2iemeCycleNQ",
        "https://mos.esante.gouv.fr/NOS/TRE_R49-DiplomeEtudeSpecialisee/FHIR/TRE-R49-DiplomeEtudeSpecialisee",
        "https://mos.esante.gouv.fr/NOS/TRE_R52-CapaciteDiplome/FHIR/TRE-R52-CapaciteDiplome",
        "https://mos.esante.gouv.fr/NOS/TRE_R51-DESCGroupe2Diplome/FHIR/TRE-R51-DESCGroupe2Diplome",
        "https://mos.esante.gouv.fr/NOS/TRE_R36-AutreDiplomeObtenu/FHIR/TRE-R36-AutreDiplomeObtenu",
        "https://mos.esante.gouv.fr/NOS/TRE_R58-AutreTypeDiplome/FHIR/TRE-R58-AutreTypeDiplome",
        "https://mos.esante.gouv.fr/NOS/TRE_R348-FormationSpecialiseeTransversale/FHIR/TRE-R348-FormationSpecialiseeTransversale",
        "https://mos.esante.gouv.fr/NOS/TRE_R56-Attestation/FHIR/TRE-R56-Attestation",
        "https://mos.esante.gouv.fr/NOS/TRE_R53-DiplomePaysEEE/FHIR/TRE-R53-DiplomePaysEEE",
        "https://mos.esante.gouv.fr/NOS/TRE_R57-DiplomeEuropeenEtudeSpecialisee/FHIR/TRE-R57-DiplomeEuropeenEtudeSpecialisee"
      ],
      "oids" : ["1.2.250.1.213.1.6.1.173"],
      "sources" : ["1.2.250.1.213.1.6.1.173"],
      "uses" : {
      },
      "StructureDefinition-tddui-practitioner.html" : "TDDUI Practitioner"
    },
    {
      "url" : "https://mos.esante.gouv.fr/NOS/JDV_J106-EnsembleProfession-RASS/FHIR/JDV-J106-EnsembleProfession-RASS",
      "version" : "20250328120000",
      "status" : "active",
      "name" : "JDV_J106_EnsembleProfession_RASS",
      "title" : null,
      "description" : "Ensemble des professions du RASS",
      "systems" : [
        "https://mos.esante.gouv.fr/NOS/TRE_R291-AutreProfession/FHIR/TRE-R291-AutreProfession",
        "https://mos.esante.gouv.fr/NOS/TRE_R95-UsagerTitre/FHIR/TRE-R95-UsagerTitre",
        "https://mos.esante.gouv.fr/NOS/TRE_G15-ProfessionSante/FHIR/TRE-G15-ProfessionSante",
        "https://mos.esante.gouv.fr/NOS/TRE_R94-ProfessionSocial/FHIR/TRE-R94-ProfessionSocial"
      ],
      "oids" : ["1.2.250.1.213.1.6.1.174"],
      "sources" : ["1.2.250.1.213.1.6.1.174"],
      "uses" : {
      },
      "StructureDefinition-tddui-practitioner.html" : "TDDUI Practitioner"
    },
    {
      "url" : "https://mos.esante.gouv.fr/NOS/JDV_J107-EnsembleSavoirFaire-RASS/FHIR/JDV-J107-EnsembleSavoirFaire-RASS",
      "version" : "20241025120000",
      "status" : "active",
      "name" : "JDV_J107_EnsembleSavoirFaire_RASS",
      "title" : null,
      "description" : "Ensemble des savoir-faire et compétences du RASS",
      "systems" : [
        "https://mos.esante.gouv.fr/NOS/TRE_R42-DESCnonQualifiant/FHIR/TRE-R42-DESCnonQualifiant",
        "https://mos.esante.gouv.fr/NOS/TRE_R359-SurspecialiteTransversale/FHIR/TRE-R359-SurspecialiteTransversale",
        "https://mos.esante.gouv.fr/NOS/TRE_R40-CompetenceExclusive/FHIR/TRE-R40-CompetenceExclusive",
        "https://mos.esante.gouv.fr/NOS/TRE_R38-SpecialiteOrdinale/FHIR/TRE-R38-SpecialiteOrdinale",
        "https://mos.esante.gouv.fr/NOS/TRE_R39-Competence/FHIR/TRE-R39-Competence",
        "https://smt.esante.gouv.fr/fhir/CodeSystem/tre-r394-competence-metier",
        "https://mos.esante.gouv.fr/NOS/TRE_R43-CapaciteSavoirFaire/FHIR/TRE-R43-CapaciteSavoirFaire",
        "https://mos.esante.gouv.fr/NOS/TRE_R44-QualificationPAC/FHIR/TRE-R44-QualificationPAC",
        "https://mos.esante.gouv.fr/NOS/TRE_G13-OrientationParticuliere/FHIR/TRE-G13-OrientationParticuliere",
        "https://mos.esante.gouv.fr/NOS/TRE_R97-DroitExerciceCompl/FHIR/TRE-R97-DroitExerciceCompl",
        "https://mos.esante.gouv.fr/NOS/TRE_R45-FonctionQualifiee/FHIR/TRE-R45-FonctionQualifiee"
      ],
      "oids" : ["1.2.250.1.213.1.6.1.175"],
      "sources" : ["1.2.250.1.213.1.6.1.175"],
      "uses" : {
      },
      "StructureDefinition-tddui-practitioner.html" : "TDDUI Practitioner"
    },
    {
      "url" : "https://mos.esante.gouv.fr/NOS/JDV_J117-ModeExercice-ENREG/FHIR/JDV-J117-ModeExercice-ENREG",
      "version" : "20210827120000",
      "status" : "active",
      "name" : "JDV_J117_ModeExercice_ENREG",
      "title" : null,
      "description" : "Mode d'exercice pour ENREG",
      "systems" : [
        "https://mos.esante.gouv.fr/NOS/TRE_R23-ModeExercice/FHIR/TRE-R23-ModeExercice"
      ],
      "oids" : ["1.2.250.1.213.1.6.1.188"],
      "sources" : ["1.2.250.1.213.1.6.1.188"],
      "uses" : {
      },
      "StructureDefinition-tddui-exercise-mode.html" : "Mode d'exercice"
    },
    {
      "url" : "https://mos.esante.gouv.fr/NOS/JDV_J129-CategorieEtablissement-RASS/FHIR/JDV-J129-CategorieEtablissement-RASS",
      "version" : "20241025120000",
      "status" : "active",
      "name" : "JDV_J129_CategorieEtablissement_RASS",
      "title" : null,
      "description" : "Catégorie d'établissement du RASS",
      "systems" : [
        "https://mos.esante.gouv.fr/NOS/TRE_R66-CategorieEtablissement/FHIR/TRE-R66-CategorieEtablissement"
      ],
      "oids" : ["1.2.250.1.213.1.6.1.215"],
      "sources" : ["1.2.250.1.213.1.6.1.215"],
      "uses" : {
      },
      "StructureDefinition-tddui-organization.html" : "TDDUI Organization"
    },
    {
      "url" : "https://mos.esante.gouv.fr/NOS/JDV_J245-Civilite-CISIS/FHIR/JDV-J245-Civilite-CISIS",
      "version" : "20230331120000",
      "status" : "active",
      "name" : "JDV_J245_Civilite_CISIS",
      "title" : null,
      "description" : "Civilités CI-SIS",
      "systems" : [
        "https://mos.esante.gouv.fr/NOS/TRE_R81-Civilite/FHIR/TRE-R81-Civilite"
      ],
      "oids" : ["1.2.250.1.213.1.1.5.718"],
      "sources" : ["1.2.250.1.213.1.1.5.718"],
      "uses" : {
      },
      "StructureDefinition-tddui-practitioner.html" : "TDDUI Practitioner",
      "StructureDefinition-tddui-human-name.html" : "TDDUI Human Name DataType"
    },
    {
      "url" : "https://mos.esante.gouv.fr/NOS/JDV_J282-TransportsLiesAuProjetIndividuel_SERAFIN/FHIR/JDV-J282-TransportsLiesAuProjetIndividuel-SERAFIN",
      "version" : "20241025120000",
      "status" : "active",
      "name" : "JDV_J282_TransportsLiesAuProjetIndividuel_SERAFIN",
      "title" : null,
      "description" : "Liste les natures des transports liés au projet individuel provenant de la terminologie SERAFIN",
      "systems" : ["https://smt.esante.gouv.fr/terminologie-SERAFINPH"],
      "oids" : ["1.2.250.1.213.3.3.251"],
      "sources" : ["1.2.250.1.213.3.3.251"],
      "uses" : {
      },
      "StructureDefinition-tddui-task-transport-usager.html" : "TDDUI Task Transport Usager"
    },
    {
      "url" : "https://mos.esante.gouv.fr/NOS/JDV_J283-PrestationsIndirects_SERAFIN/FHIR/JDV-J283-PrestationsIndirects-SERAFIN",
      "version" : "20241025120000",
      "status" : "active",
      "name" : "JDV_J283_PrestationsIndirects_SERAFIN",
      "title" : null,
      "description" : "Liste des prestations indirects provenant de la terminologie SERAFIN",
      "systems" : ["https://smt.esante.gouv.fr/terminologie-SERAFINPH"],
      "oids" : ["1.2.250.1.213.3.3.252"],
      "sources" : ["1.2.250.1.213.3.3.252"],
      "uses" : {
      },
      "ValueSet-tddui-serafin-valueset.html" : "TDDUI SERAFIN ValueSet"
    },
    {
      "url" : "https://mos.esante.gouv.fr/NOS/JDV_J284-PrestationsDirects_SERAFIN/FHIR/JDV-J284-PrestationsDirects-SERAFIN",
      "version" : "20241025120000",
      "status" : "active",
      "name" : "JDV_J284_PrestationsDirects_SERAFIN",
      "title" : null,
      "description" : "Liste des prestations directs provenant de la terminologie SERAFIN",
      "systems" : ["https://smt.esante.gouv.fr/terminologie-SERAFINPH"],
      "oids" : ["1.2.250.1.213.3.3.253"],
      "sources" : ["1.2.250.1.213.3.3.253"],
      "uses" : {
      },
      "ValueSet-tddui-serafin-valueset.html" : "TDDUI SERAFIN ValueSet"
    },
    {
      "url" : "https://mos.esante.gouv.fr/NOS/JDV_J47-FunctionCode-CISIS/FHIR/JDV-J47-FunctionCode-CISIS",
      "version" : "20250523120000",
      "status" : "active",
      "name" : "JDV_J47_FunctionCode_CISIS",
      "title" : null,
      "description" : "Rôles fonctionnels",
      "systems" : [
        "https://mos.esante.gouv.fr/NOS/TRE_R85-RolePriseCharge/FHIR/TRE-R85-RolePriseCharge",
        "https://mos.esante.gouv.fr/NOS/TRE_R258-RelationPriseCharge/FHIR/TRE-R258-RelationPriseCharge",
        "https://mos.esante.gouv.fr/NOS/TRE_R259-HL7ParticipationFunction/FHIR/TRE-R259-HL7ParticipationFunction"
      ],
      "oids" : ["1.2.250.1.213.1.1.5.124"],
      "sources" : ["1.2.250.1.213.1.1.5.124"],
      "uses" : {
      },
      "StructureDefinition-tddui-practitioner-role.html" : "TDDUI Practitioner Role"
    },
    {
      "url" : "https://mos.esante.gouv.fr/NOS/JDV_J79-CiviliteExercice-RASS/FHIR/JDV-J79-CiviliteExercice-RASS",
      "version" : "20200424120000",
      "status" : "active",
      "name" : "JDV_J79_CiviliteExercice_RASS",
      "title" : null,
      "description" : "Civilités d'exercice d'un professionnel du RASS",
      "systems" : [
        "https://mos.esante.gouv.fr/NOS/TRE_R11-CiviliteExercice/FHIR/TRE-R11-CiviliteExercice"
      ],
      "oids" : ["1.2.250.1.213.1.6.1.147"],
      "sources" : ["1.2.250.1.213.1.6.1.147"],
      "uses" : {
      },
      "StructureDefinition-tddui-practitioner.html" : "TDDUI Practitioner",
      "StructureDefinition-tddui-human-name.html" : "TDDUI Human Name DataType"
    },
    {
      "url" : "https://mos.esante.gouv.fr/NOS/JDV_J81-TypeDiplome-RASS/FHIR/JDV-J81-TypeDiplome-RASS",
      "version" : "20230526120000",
      "status" : "active",
      "name" : "JDV_J81_TypeDiplome_RASS",
      "title" : null,
      "description" : "Types de diplôme du RASS",
      "systems" : [
        "https://mos.esante.gouv.fr/NOS/TRE_R14-TypeDiplome/FHIR/TRE-R14-TypeDiplome"
      ],
      "oids" : ["1.2.250.1.213.1.6.1.149"],
      "sources" : ["1.2.250.1.213.1.6.1.149"],
      "uses" : {
      },
      "StructureDefinition-tddui-practitioner.html" : "TDDUI Practitioner"
    },
    {
      "url" : "https://mos.esante.gouv.fr/NOS/JDV_J89-CategorieProfessionnelle-RASS/FHIR/JDV-J89-CategorieProfessionnelle-RASS",
      "version" : "20240329120000",
      "status" : "active",
      "name" : "JDV_J89_CategorieProfessionnelle_RASS",
      "title" : null,
      "description" : "Catégories professionnelles dans le RASS",
      "systems" : [
        "https://mos.esante.gouv.fr/NOS/TRE_R09-CategorieProfessionnelle/FHIR/TRE-R09-CategorieProfessionnelle"
      ],
      "oids" : ["1.2.250.1.213.1.6.1.157"],
      "sources" : ["1.2.250.1.213.1.6.1.157"],
      "uses" : {
      },
      "StructureDefinition-tddui-practitioner.html" : "TDDUI Practitioner"
    },
    {
      "url" : "https://mos.esante.gouv.fr/NOS/JDV_J91-TypeSavoirFaire-RASS/FHIR/JDV-J91-TypeSavoirFaire-RASS",
      "version" : "20250625120000",
      "status" : "active",
      "name" : "JDV_J91_TypeSavoirFaire_RASS",
      "title" : null,
      "description" : "Types de savoir-faire des professionnels du RASS",
      "systems" : [
        "https://mos.esante.gouv.fr/NOS/TRE_R04-TypeSavoirFaire/FHIR/TRE-R04-TypeSavoirFaire"
      ],
      "oids" : ["1.2.250.1.213.1.6.1.159"],
      "sources" : ["1.2.250.1.213.1.6.1.159"],
      "uses" : {
      },
      "StructureDefinition-tddui-practitioner.html" : "TDDUI Practitioner"
    },
    {
      "url" : "https://smt.esante.gouv.fr/fhir/ValueSet/jdv-detail-materiel-specialise-cisis",
      "version" : "20250624152100",
      "status" : "active",
      "name" : "JdvDetailMaterielSpecialiseCisis",
      "title" : "JDV Detail Materiel Specialise CISIS",
      "description" : "JDV Detail Materiel Specialise CISIS",
      "systems" : [
        "https://smt.esante.gouv.fr/fhir/CodeSystem/terminologie-cisis"
      ],
      "oids" : ["1.2.250.1.213.1.1.5.808"],
      "sources" : ["1.2.250.1.213.1.1.5.808"],
      "uses" : {
      },
      "StructureDefinition-tddui-encounter-evenement.html" : "TDDUI Encounter Evenement",
      "StructureDefinition-tddui-ressources-used.html" : "Ressources utilisées"
    },
    {
      "url" : "https://smt.esante.gouv.fr/fhir/ValueSet/jdv-detail-ressource-immobiliere-utilisee-cisis",
      "version" : "20250624152100",
      "status" : "active",
      "name" : "JdvDetailRessourceImmobiliereUtiliseeCisis",
      "title" : "JDV Detail Ressource Immobiliere Utilisee CISIS",
      "description" : "JDV Detail Ressource Immobiliere Utilisee CISIS",
      "systems" : [
        "https://smt.esante.gouv.fr/fhir/CodeSystem/terminologie-cisis"
      ],
      "oids" : ["1.2.250.1.213.1.1.5.809"],
      "sources" : ["1.2.250.1.213.1.1.5.809"],
      "uses" : {
      },
      "StructureDefinition-tddui-encounter-evenement.html" : "TDDUI Encounter Evenement",
      "StructureDefinition-tddui-ressources-used.html" : "Ressources utilisées"
    },
    {
      "url" : "https://smt.esante.gouv.fr/fhir/ValueSet/jdv-mode-de-transport-cisis",
      "version" : "20250624152101",
      "status" : "active",
      "name" : "JdvModeDeTransportCisis",
      "title" : "JDV Mode De Transport CISIS",
      "description" : "JDV Mode De Transport CISIS",
      "systems" : [
        "https://smt.esante.gouv.fr/fhir/CodeSystem/terminologie-cisis"
      ],
      "oids" : ["1.2.250.1.213.1.1.5.140"],
      "sources" : ["1.2.250.1.213.1.1.5.140"],
      "uses" : {
      },
      "StructureDefinition-tddui-task-transport-professionnel.html" : "TDDUI Task Transport Professionnel",
      "StructureDefinition-tddui-task-transport-usager.html" : "TDDUI Task Transport Usager",
      "StructureDefinition-tddui-task-transport.html" : "TDDUI Task Transport"
    },
    {
      "url" : "https://smt.esante.gouv.fr/fhir/ValueSet/jdv-motif-non-realisation-evenement-cisis",
      "version" : "20250624152100",
      "status" : "active",
      "name" : "JdvMotifNonRealisationEvenementCisis",
      "title" : "JDV Motif Non Realisation Evenement CISIS",
      "description" : "JDV Motif Non Realisation Evenement CISIS",
      "systems" : [
        "https://smt.esante.gouv.fr/fhir/CodeSystem/terminologie-cisis"
      ],
      "oids" : ["1.2.250.1.213.1.1.5.803"],
      "sources" : ["1.2.250.1.213.1.1.5.803"],
      "uses" : {
      },
      "StructureDefinition-tddui-event-cancel-reason.html" : "Évènement annulé"
    },
    {
      "url" : "https://smt.esante.gouv.fr/fhir/ValueSet/jdv-ressource-utilisee-cisis",
      "version" : "20250624152100",
      "status" : "active",
      "name" : "JdvRessourceUtiliseeCisis",
      "title" : "JDV Ressource Utilisee CISIS",
      "description" : "JDV Ressource Utilisee CISIS",
      "systems" : [
        "https://smt.esante.gouv.fr/fhir/CodeSystem/terminologie-cisis",
        "http://snomed.info/sct"
      ],
      "oids" : ["1.2.250.1.213.1.1.5.807"],
      "sources" : ["1.2.250.1.213.1.1.5.807"],
      "uses" : {
      },
      "StructureDefinition-tddui-encounter-evenement.html" : "TDDUI Encounter Evenement",
      "StructureDefinition-tddui-ressources-used.html" : "Ressources utilisées"
    },
    {
      "url" : "https://smt.esante.gouv.fr/fhir/ValueSet/jdv-type-evenement-ssiad-cisis",
      "version" : "20250624152100",
      "status" : "active",
      "name" : "JdvTypeEvenementSsiadCisis",
      "title" : "JDV Type Evenement Ssiad CISIS",
      "description" : "JDV Type Evenement Ssiad CISIS",
      "systems" : [
        "https://smt.esante.gouv.fr/fhir/CodeSystem/terminologie-cisis"
      ],
      "oids" : ["1.2.250.1.213.1.1.5.811"],
      "sources" : ["1.2.250.1.213.1.1.5.811"],
      "uses" : {
      },
      "StructureDefinition-tddui-encounter-evenement.html" : "TDDUI Encounter Evenement"
    },
    {
      "url" : "https://smt.esante.gouv.fr/fhir/ValueSet/jdv-type-motorisation-cisis",
      "version" : "20250624152100",
      "status" : "active",
      "name" : "JdvTypeMotorisationCisis",
      "title" : "JDV Type Motorisation CISIS",
      "description" : "JDV Type Motorisation CISIS",
      "systems" : [
        "https://smt.esante.gouv.fr/fhir/CodeSystem/terminologie-cisis"
      ],
      "oids" : ["1.2.250.1.213.1.1.5.801"],
      "sources" : ["1.2.250.1.213.1.1.5.801"],
      "uses" : {
      },
      "StructureDefinition-tddui-task-transport-professionnel.html" : "TDDUI Task Transport Professionnel",
      "StructureDefinition-tddui-task-transport-usager.html" : "TDDUI Task Transport Usager",
      "StructureDefinition-tddui-task-transport.html" : "TDDUI Task Transport"
    }
  ]
}
