<?xml version="1.0" encoding="UTF-8"?>

<Task xmlns="http://hl7.org/fhir">
  <id value="tddui-task-moyen-ressource-pa-example"/>
  <meta>
    <profile value="https://interop.esante.gouv.fr/ig/fhir/tddui/StructureDefinition/tddui-task-moyen-ressource"/>
  </meta>
  <text>
    <status value="generated"/><div xmlns="http://www.w3.org/1999/xhtml"><p class="res-header-id"><b>Narratif généré : Task tddui-task-moyen-ressource-pa-example</b></p><a name="tddui-task-moyen-ressource-pa-example"> </a><a name="hctddui-task-moyen-ressource-pa-example"> </a><div style="display: inline-block; background-color: #d9e0e7; padding: 6px; margin: 4px; border: 1px solid #8da1b4; border-radius: 5px; line-height: 60%"><p style="margin-bottom: 0px"/><p style="margin-bottom: 0px">Profil: <a href="StructureDefinition-tddui-task-moyen-ressource.html">TDDUI Task MoyenRessource</a></p></div><p><b>identifier</b>: <code>https://identifiant-medicosocial-moyenressource.esante.gouv.fr</code>/3480787529/123456789-MORE-1234</p><p><b>basedOn</b>: <a href="CarePlan-tddui-careplan-projet-personnalise-pa-example.html">CarePlan Projet personnalisé de Mme Jeanne L.</a></p><p><b>status</b>: In Progress</p><p><b>intent</b>: plan</p><p><b>description</b>: 
Objectif 1 :
- Barres d'appui et balisage lumineux (budget EHPAD)
- 30 h de kinésithérapie/6 mois
- Temps de coordination IDE/médecin coordonnateur

Obejctif 2 :
- Approvisionnement adapté (cuisine)
- Matériel d'atelier (budget animation)
- Carnet de suivi poids

Objectif 3 :
- Tablette + Wi‑Fi EHPAD
- Créneaux animation
- Convocations CVS, salle d'activité
</p><h3>Inputs</h3><table class="grid"><tr><td style="display: none">-</td><td><b>Type</b></td><td><b>Value[x]</b></td></tr><tr><td style="display: none">*</td><td><span title="Codes :{https://interop.esante.gouv.fr/ig/fhir/tddui/CodeSystem/input-tddui-task-moyen-ressource-codesystem titre}">Titre du moyen ou de la ressource à utiliser.</span></td><td>Moyens mis en œuvre (avec rattachement SERAFIN‑PH)</td></tr></table></div>
  </text>
  <identifier>
    <system value="https://identifiant-medicosocial-moyenressource.esante.gouv.fr"/>
    <value value="3480787529/123456789-MORE-1234"/>
  </identifier>
  <basedOn>
    <reference value="CarePlan/tddui-careplan-projet-personnalise-pa-example"/>
  </basedOn>
  <status value="in-progress"/>
  <intent value="plan"/>
  <description value="&#xA;Objectif 1 :&#xA;- Barres d'appui et balisage lumineux (budget EHPAD)&#xA;- 30 h de kinésithérapie/6 mois&#xA;- Temps de coordination IDE/médecin coordonnateur&#xA;&#xA;Obejctif 2 :&#xA;- Approvisionnement adapté (cuisine)&#xA;- Matériel d'atelier (budget animation)&#xA;- Carnet de suivi poids&#xA;&#xA;Objectif 3 :&#xA;- Tablette + Wi‑Fi EHPAD&#xA;- Créneaux animation&#xA;- Convocations CVS, salle d'activité&#xA;"/>
  <input>
    <type>
      <coding>
        <system value="https://interop.esante.gouv.fr/ig/fhir/tddui/CodeSystem/input-tddui-task-moyen-ressource-codesystem"/>
        <code value="titre"/>
      </coding>
    </type>
    <valueString value="Moyens mis en œuvre (avec rattachement SERAFIN‑PH)"/>
  </input>
</Task>