{"resourceType":"CodeSystem","id":"output-tddui-task-bilan-codesystem","meta":{"profile":["http://hl7.org/fhir/StructureDefinition/shareablecodesystem"]},"text":{"status":"generated","div":"<div xmlns=\"http://www.w3.org/1999/xhtml\"><p class=\"res-header-id\"><b>Narratif généré : CodeSystem output-tddui-task-bilan-codesystem</b></p><a name=\"output-tddui-task-bilan-codesystem\"> </a><a name=\"hcoutput-tddui-task-bilan-codesystem\"> </a><div style=\"display: inline-block; background-color: #d9e0e7; padding: 6px; margin: 4px; border: 1px solid #8da1b4; border-radius: 5px; line-height: 60%\"><p style=\"margin-bottom: 0px\"/><p style=\"margin-bottom: 0px\">Profil: <a href=\"http://hl7.org/fhir/R4/shareablecodesystem.html\">Shareable CodeSystem</a></p></div><p>This case-sensitive code system <code>https://interop.esante.gouv.fr/ig/fhir/tddui/CodeSystem/output-tddui-task-bilan-codesystem</code> defines the following code:</p><table class=\"codes\"><tr><td style=\"white-space:nowrap\"><b>Code</b></td><td><b>Affichage</b></td></tr><tr><td style=\"white-space:nowrap\">syntheseBilan<a name=\"output-tddui-task-bilan-codesystem-syntheseBilan\"> </a></td><td>Synthèse du bilan.</td></tr></table></div>"},"url":"https://interop.esante.gouv.fr/ig/fhir/tddui/CodeSystem/output-tddui-task-bilan-codesystem","version":"2.1.0","name":"OutputTDDUITaskBilanCodeSystem","title":"OutputTDDUITaskBilanCodeSystem","status":"active","experimental":false,"date":"2025-12-18T17:22:25+00:00","publisher":"ANS","contact":[{"name":"ANS","telecom":[{"system":"url","value":"https://esante.gouv.fr"}]}],"description":"CodeSystem pour la définition des éléments spécifiques des output dans la ressource Task utilisée pour le bilan du projet personnalisé.","jurisdiction":[{"coding":[{"system":"urn:iso:std:iso:3166","code":"FR","display":"FRANCE"}]}],"caseSensitive":true,"compositional":false,"content":"complete","count":1,"concept":[{"code":"syntheseBilan","display":"Synthèse du bilan.","designation":[{"use":{"system":"http://terminology.hl7.org/CodeSystem/hl7TermMaintInfra","code":"preferredForLanguage"},"value":"Synthèse du bilan."}]}]}