{
  "codeSystems" : [
    {
      "url" : "https://hl7.fr/ig/fhir/core/ValueSet/fr-core-vs-patient-gender-INS",
      "version" : "2.1.0",
      "status" : "active",
      "name" : "FRCoreValueSetPatientGenderINS",
      "title" : "FR Core ValueSet Patient gender INS ValueSet",
      "description" : "Patient Gender for INS : male | female | unknown",
      "systems" : ["http://hl7.org/fhir/administrative-gender"],
      "uses" : {
      },
      "StructureDefinition-tddui-patient.html" : "TDDUI Patient"
    },
    {
      "url" : "https://mos.esante.gouv.fr/NOS/JDV_J245-Civilite-CISIS/FHIR/JDV-J245-Civilite-CISIS",
      "version" : "20230331120000",
      "status" : "active",
      "name" : "JDV_J245_Civilite_CISIS",
      "title" : null,
      "description" : "Civilités CI-SIS",
      "systems" : [
        "https://mos.esante.gouv.fr/NOS/TRE_R81-Civilite/FHIR/TRE-R81-Civilite"
      ],
      "oids" : ["1.2.250.1.213.1.1.5.718"],
      "sources" : ["1.2.250.1.213.1.1.5.718"],
      "uses" : {
      },
      "StructureDefinition-tddui-human-name.html" : "TDDUI Human Name DataType"
    }
  ]
}
