<?xml version="1.0" encoding="UTF-8"?><CapabilityStatement xmlns="http://hl7.org/fhir"><id value="TDDUIProducteur"/><text><status value="extensions"/><div xmlns="http://www.w3.org/1999/xhtml"><p class="res-header-id"><b>Narratif généré : CapabilityStatement TDDUIProducteur</b></p><a name="TDDUIProducteur"> </a><a name="hcTDDUIProducteur"> </a><h2 id="title">TDDUI-Producteur</h2><ul><li>Version du guide dimplémentation : {0} </li><li>Version de FHIR : 4.0.1 </li><li>Supported Formats: <code>application/fhir+xml</code>, <code>application/fhir+json</code></li><li>Publié sur : 2024-06-20 15:51:35+0200 </li><li>Publié par : ANS </li></ul><blockquote class="impl-note"><p><strong>Note aux implémenteurs : capacités FHIR</strong></p><p>Any FHIR capability may be 'allowed' by the system unless explicitly marked as 'SHALL NOT'. A few items are marked as MAY in the Implementation Guide to highlight their potential relevance to the use case.</p></blockquote><h3 id="shallIGs">DOIT prendre en charge les guides d’implémentation suivants.</h3><ul><li>https://interop.esante.gouv.fr/ig/fhir/tddui</li></ul><h2 id="rest">FHIR RESTful Capabilities</h2><div class="panel panel-default"><div class="panel-heading"><h3 id="mode1" class="panel-title">Mode: <code>client</code></h3></div><div class="panel-body"><div><p>Transmission de données DUI vers un SI tiers (flux 1).</p>
</div><div class="lead"><em>Security</em></div><blockquote><div><p>L’ANS propose des référentiels dédiés à la politique de sécurité (la PGSSI-S) et des mécanismes de sécurisation sont définis dans les volets de la couche Transport du Cadre d’Interopérabilité des systèmes d’information de santé (CI-SIS)</p>
</div></blockquote><div class="lead"><em>Summary of System-wide Interactions</em></div><ul><li>Supports the <code>transaction</code>Les interactions sont décrites comme suit :<div><p>https://interop.esante.gouv.fr/ig/fhir/tddui/StructureDefinition/tddui-bundle</p>
</div></li></ul></div></div><h3 id="resourcesCap1">Capabilities by Resource/Profile</h3><h4 id="resourcesSummary1">Résumé</h4><p>Le tableau récapitulatif liste les ressources faisant partie de cette configuration, et pour chaque ressource, il liste :</p><ul><li>The relevant profiles (if any)</li><li>Les interactions supportées par chaque ressource (<b><span class="bg-info">R</span></b>ead, <b><span class="bg-info">S</span></b>earch, <b><span class="bg-info">U</span></b>pdate, and <b><span class="bg-info">C</span></b>reate, are always shown, while <b><span class="bg-info">VR</span></b>ead, <b><span class="bg-info">P</span></b>atch, <b><span class="bg-info">D</span></b>elete, <b><span class="bg-info">H</span></b>istory on <b><span class="bg-info">I</span></b>nstance, or <b><span class="bg-info">H</span></b>istory on <b><span class="bg-info">T</span></b>les types sont seulement présents si au moins une des ressources les prend en charge.</li><li><span>Les paramètres de recherche (SearchParameters) requis, recommandés, optionnels (le cas échéant). </span></li><li>The linked resources enabled for <code>_include</code></li><li>The other resources enabled for <code>_revinclude</code></li><li>The operations on the resource (if any)</li></ul><div class="table-responsive"><table class="table table-condensed table-hover"><thead><tr><th><b>Type de Ressource</b></th><th><b>Profil</b></th><th class="text-center"><b title="GET dune ressource (interaction read)">R</b></th><th class="text-center"><b title="GET all set of resources of the type (search interaction)">S</b></th><th class="text-center"><b title="PUT a new resource version (update interaction)">U</b></th><th class="text-center"><b title="POST dune nouvelle ressource (interaction create)">C</b></th><th><b title="Paramètres de recherche requis et recommandés">Recherches</b></th><th><code><b>_include</b></code></th><th><code><b>_revinclude</b></code></th><th><b>Opérations</b></th></tr></thead><tbody><tr><td><a href="#Patient1-1">Patient</a></td><td>Supported Profiles<br/>  <a href="StructureDefinition-tddui-patient.html">TDDUI Patient</a><br/>  <a href="StructureDefinition-tddui-patient-ins.html">TDDUI Patient INS</a></td><td class="text-center"/><td class="text-center"/><td class="text-center"/><td class="text-center">y</td><td></td><td/><td/><td/></tr><tr><td><a href="#Organization1-2">Organization</a></td><td>Supported Profiles<br/>  <a href="StructureDefinition-tddui-organization.html">TDDUI Organization</a></td><td class="text-center"/><td class="text-center"/><td class="text-center"/><td class="text-center">y</td><td></td><td/><td/><td/></tr><tr><td><a href="#Encounter1-3">Encounter</a></td><td>Supported Profiles<br/>  <a href="StructureDefinition-tddui-encounter-sejour.html">TDDUI Encounter Sejour</a></td><td class="text-center"/><td class="text-center"/><td class="text-center"/><td class="text-center">y</td><td></td><td/><td/><td/></tr></tbody></table></div><hr/><div class="panel panel-default"><div class="panel-heading"><h4 id="Patient1-1" class="panel-title"><span style="float: right;">Resource Conformance: supported </span>Patient</h4></div><div class="panel-body"><div class="container"><div class="row"><div class="col-lg-4"><span class="lead">Ressource FHIR coeur</span><br/><a href="http://hl7.org/fhir/R4/patient.html">Patient</a></div><div class="col-lg-4"><span class="lead">Reference Policy</span><br/></div><div class="col-lg-4"><span class="lead">Résumé des interactions</span><br/><ul><li>Supports <code>create</code>.</li></ul></div></div><p/><div class="row"><div class="col-6"><span class="lead">Supported Profiles</span><p><a href="StructureDefinition-tddui-patient.html">TDDUI Patient</a><br/><a href="StructureDefinition-tddui-patient-ins.html">TDDUI Patient INS</a></p></div></div><p/></div></div></div><div class="panel panel-default"><div class="panel-heading"><h4 id="Organization1-2" class="panel-title"><span style="float: right;">Resource Conformance: supported </span>Organization</h4></div><div class="panel-body"><div class="container"><div class="row"><div class="col-lg-4"><span class="lead">Ressource FHIR coeur</span><br/><a href="http://hl7.org/fhir/R4/organization.html">Organization</a></div><div class="col-lg-4"><span class="lead">Reference Policy</span><br/></div><div class="col-lg-4"><span class="lead">Résumé des interactions</span><br/><ul><li>Supports <code>create</code>.</li></ul></div></div><p/><div class="row"><div class="col-6"><span class="lead">Supported Profiles</span><p><a href="StructureDefinition-tddui-organization.html">TDDUI Organization</a></p></div></div><p/></div></div></div><div class="panel panel-default"><div class="panel-heading"><h4 id="Encounter1-3" class="panel-title"><span style="float: right;">Resource Conformance: supported </span>Encounter</h4></div><div class="panel-body"><div class="container"><div class="row"><div class="col-lg-4"><span class="lead">Ressource FHIR coeur</span><br/><a href="http://hl7.org/fhir/R4/encounter.html">Encounter</a></div><div class="col-lg-4"><span class="lead">Reference Policy</span><br/></div><div class="col-lg-4"><span class="lead">Résumé des interactions</span><br/><ul><li>Supports <code>create</code>.</li></ul></div></div><p/><div class="row"><div class="col-6"><span class="lead">Supported Profiles</span><p><a href="StructureDefinition-tddui-encounter-sejour.html">TDDUI Encounter Sejour</a></p></div></div><p/></div></div></div></div></text><url value="https://interop.esante.gouv.fr/ig/fhir/tddui/CapabilityStatement/TDDUIProducteur"/><version value="2.0.0"/><name value="TDDUIProducteur"/><title value="TDDUI-Producteur"/><status value="active"/><experimental value="false"/><date value="2024-06-20T15:51:35+02:00"/><publisher value="ANS"/><contact><name value="ANS"/><telecom><system value="url"/><value value="https://esante.gouv.fr"/></telecom></contact><description value="Le rôle de Producteur est de transmettre des données de son logiciel DUI. Il correspond à un logiciel DUI."/><jurisdiction><coding><system value="urn:iso:std:iso:3166"/><code value="FR"/><display value="FRANCE"/></coding></jurisdiction><kind value="requirements"/><fhirVersion value="4.0.1"/><format value="application/fhir+xml"/><format value="application/fhir+json"/><implementationGuide value="https://interop.esante.gouv.fr/ig/fhir/tddui"/><rest><mode value="client"/><documentation value="Transmission de données DUI vers un SI tiers (flux 1)."/><security><cors value="false"/><description value="L’ANS propose des référentiels dédiés à la politique de sécurité (la PGSSI-S) et des mécanismes de sécurisation sont définis dans les volets de la couche Transport du Cadre d’Interopérabilité des systèmes d’information de santé (CI-SIS)"/></security><resource><type value="Patient"/><supportedProfile value="https://interop.esante.gouv.fr/ig/fhir/tddui/StructureDefinition/tddui-patient"/><supportedProfile value="https://interop.esante.gouv.fr/ig/fhir/tddui/StructureDefinition/tddui-patient-ins"/><interaction><code value="create"/></interaction></resource><resource><type value="Organization"/><supportedProfile value="https://interop.esante.gouv.fr/ig/fhir/tddui/StructureDefinition/tddui-organization"/><interaction><code value="create"/></interaction></resource><resource><type value="Encounter"/><supportedProfile value="https://interop.esante.gouv.fr/ig/fhir/tddui/StructureDefinition/tddui-encounter-sejour"/><interaction><code value="create"/></interaction></resource><interaction><code value="transaction"/><documentation value="https://interop.esante.gouv.fr/ig/fhir/tddui/StructureDefinition/tddui-bundle"/></interaction></rest></CapabilityStatement>