{
  "resourceType" : "CodeSystem",
  "id" : "input-tddui-task-moyen-ressource-codesystem",
  "meta" : {
    "profile" : ["http://hl7.org/fhir/StructureDefinition/shareablecodesystem"]
  },
  "text" : {
    "status" : "generated",
    "div" : "<div xmlns=\"http://www.w3.org/1999/xhtml\"><p class=\"res-header-id\"><b>Narratif généré : CodeSystem input-tddui-task-moyen-ressource-codesystem</b></p><a name=\"input-tddui-task-moyen-ressource-codesystem\"> </a><a name=\"hcinput-tddui-task-moyen-ressource-codesystem\"> </a><div style=\"display: inline-block; background-color: #d9e0e7; padding: 6px; margin: 4px; border: 1px solid #8da1b4; border-radius: 5px; line-height: 60%\"><p style=\"margin-bottom: 0px\"/><p style=\"margin-bottom: 0px\">Profil: <a href=\"http://hl7.org/fhir/R4/shareablecodesystem.html\">Shareable CodeSystem</a></p></div><p>This case-sensitive code system <code>https://interop.esante.gouv.fr/ig/fhir/tddui/CodeSystem/input-tddui-task-moyen-ressource-codesystem</code> defines the following codes:</p><table class=\"codes\"><tr><td style=\"white-space:nowrap\"><b>Code</b></td><td><b>Affichage</b></td></tr><tr><td style=\"white-space:nowrap\">titre<a name=\"input-tddui-task-moyen-ressource-codesystem-titre\"> </a></td><td>Titre du moyen ou de la ressource à utiliser.</td></tr><tr><td style=\"white-space:nowrap\">evaluation<a name=\"input-tddui-task-moyen-ressource-codesystem-evaluation\"> </a></td><td>Evaluation du moyen ou de la ressource.</td></tr><tr><td style=\"white-space:nowrap\">pieceJointe<a name=\"input-tddui-task-moyen-ressource-codesystem-pieceJointe\"> </a></td><td>Pièce jointe du moyen/ressource.</td></tr></table></div>"
  },
  "url" : "https://interop.esante.gouv.fr/ig/fhir/tddui/CodeSystem/input-tddui-task-moyen-ressource-codesystem",
  "version" : "2.1.0",
  "name" : "InputTDDUITaskMoyenRessourceCodeSystem",
  "title" : "InputTDDUITaskMoyenRessourceCodeSystem",
  "status" : "active",
  "experimental" : false,
  "date" : "2025-12-19T08:44:55+00:00",
  "publisher" : "ANS",
  "contact" : [{
    "name" : "ANS",
    "telecom" : [{
      "system" : "url",
      "value" : "https://esante.gouv.fr"
    }]
  }],
  "description" : "CodeSystem pour la définition des éléments spécifiques des input dans la ressource Task utilisée pour les moyens et ressources du projet personnalisé.",
  "jurisdiction" : [{
    "coding" : [{
      "system" : "urn:iso:std:iso:3166",
      "code" : "FR",
      "display" : "FRANCE"
    }]
  }],
  "caseSensitive" : true,
  "compositional" : false,
  "content" : "complete",
  "count" : 3,
  "concept" : [{
    "code" : "titre",
    "display" : "Titre du moyen ou de la ressource à utiliser."
  },
  {
    "code" : "evaluation",
    "display" : "Evaluation du moyen ou de la ressource."
  },
  {
    "code" : "pieceJointe",
    "display" : "Pièce jointe du moyen/ressource."
  }]
}