{
  "codeSystems" : [
    {
      "url" : "http://hl7.org/fhir/address-type",
      "version" : "4.0.1",
      "status" : "active",
      "name" : "AddressType",
      "title" : "AddressType",
      "description" : "The type of an address (physical / postal).",
      "oids" : ["2.16.840.1.113883.4.642.4.70"],
      "uses" : {
      },
      "http://hl7.org/fhir/R4/valueset-address-type.html" : "AddressType"
    },
    {
      "url" : "http://hl7.org/fhir/address-use",
      "version" : "4.0.1",
      "status" : "active",
      "name" : "AddressUse",
      "title" : "AddressUse",
      "description" : "The use of an address.",
      "oids" : ["2.16.840.1.113883.4.642.4.68"],
      "uses" : {
      },
      "http://hl7.org/fhir/R4/valueset-address-use.html" : "AddressUse"
    },
    {
      "url" : "http://hl7.org/fhir/administrative-gender",
      "version" : "4.0.1",
      "status" : "active",
      "name" : "AdministrativeGender",
      "title" : "AdministrativeGender",
      "description" : "The gender of a person used for administrative purposes.",
      "oids" : ["2.16.840.1.113883.4.642.4.2"],
      "uses" : {
      },
      "http://hl7.org/fhir/R4/valueset-administrative-gender.html" : "AdministrativeGender",
      "https://hl7.fr/ig/fhir/core/2.1.0/ValueSet-fr-core-vs-patient-gender-INS.html" : "FR Core ValueSet Patient gender INS ValueSet"
    },
    {
      "url" : "http://hl7.org/fhir/bundle-type",
      "version" : "4.0.1",
      "status" : "active",
      "name" : "BundleType",
      "title" : "BundleType",
      "description" : "Indicates the purpose of a bundle - how it is intended to be used.",
      "oids" : ["2.16.840.1.113883.4.642.4.621"],
      "uses" : {
      },
      "http://hl7.org/fhir/R4/valueset-bundle-type.html" : "BundleType"
    },
    {
      "url" : "http://hl7.org/fhir/composition-status",
      "version" : "4.0.1",
      "status" : "draft",
      "name" : "CompositionStatus",
      "title" : "CompositionStatus",
      "description" : "The workflow/clinical status of the composition.",
      "oids" : ["2.16.840.1.113883.4.642.4.242"],
      "uses" : {
      },
      "http://hl7.org/fhir/R4/valueset-composition-status.html" : "CompositionStatus"
    },
    {
      "url" : "http://hl7.org/fhir/document-reference-status",
      "version" : "4.0.1",
      "status" : "draft",
      "name" : "DocumentReferenceStatus",
      "title" : "DocumentReferenceStatus",
      "description" : "The status of the document reference.",
      "oids" : ["2.16.840.1.113883.4.642.4.8"],
      "uses" : {
      },
      "http://hl7.org/fhir/R4/valueset-document-reference-status.html" : "DocumentReferenceStatus"
    },
    {
      "url" : "http://hl7.org/fhir/document-relationship-type",
      "version" : "4.0.1",
      "status" : "draft",
      "name" : "DocumentRelationshipType",
      "title" : "DocumentRelationshipType",
      "description" : "The type of relationship between documents.",
      "oids" : ["2.16.840.1.113883.4.642.4.245"],
      "uses" : {
      },
      "http://hl7.org/fhir/R4/valueset-document-relationship-type.html" : "DocumentRelationshipType"
    },
    {
      "url" : "http://hl7.org/fhir/encounter-location-status",
      "version" : "4.0.1",
      "status" : "draft",
      "name" : "EncounterLocationStatus",
      "title" : "EncounterLocationStatus",
      "description" : "The status of the location.",
      "oids" : ["2.16.840.1.113883.4.642.4.263"],
      "uses" : {
      },
      "http://hl7.org/fhir/R4/valueset-encounter-location-status.html" : "EncounterLocationStatus"
    },
    {
      "url" : "http://hl7.org/fhir/encounter-status",
      "version" : "4.0.1",
      "status" : "draft",
      "name" : "EncounterStatus",
      "title" : "EncounterStatus",
      "description" : "Current state of the encounter.",
      "oids" : ["2.16.840.1.113883.4.642.4.247"],
      "uses" : {
      },
      "http://hl7.org/fhir/R4/valueset-encounter-status.html" : "EncounterStatus"
    },
    {
      "url" : "http://hl7.org/fhir/http-verb",
      "version" : "4.0.1",
      "status" : "active",
      "name" : "HTTPVerb",
      "title" : "HTTPVerb",
      "description" : "HTTP verbs (in the HTTP command line). See [HTTP rfc](https://tools.ietf.org/html/rfc7231) for details.",
      "oids" : ["2.16.840.1.113883.4.642.4.625"],
      "uses" : {
      },
      "http://hl7.org/fhir/R4/valueset-http-verb.html" : "HTTPVerb"
    },
    {
      "url" : "http://hl7.org/fhir/identifier-use",
      "version" : "4.0.1",
      "status" : "active",
      "name" : "IdentifierUse",
      "title" : "IdentifierUse",
      "description" : "Identifies the purpose for this identifier, if known .",
      "oids" : ["2.16.840.1.113883.4.642.4.58"],
      "uses" : {
      },
      "http://hl7.org/fhir/R4/valueset-identifier-use.html" : "IdentifierUse"
    },
    {
      "url" : "http://hl7.org/fhir/link-type",
      "version" : "4.0.1",
      "status" : "active",
      "name" : "LinkType",
      "title" : "LinkType",
      "description" : "The type of link between this patient resource and another patient resource.",
      "oids" : ["2.16.840.1.113883.4.642.4.424"],
      "uses" : {
      },
      "http://hl7.org/fhir/R4/valueset-link-type.html" : "LinkType"
    },
    {
      "url" : "http://hl7.org/fhir/name-use",
      "version" : "4.0.1",
      "status" : "active",
      "name" : "NameUse",
      "title" : "NameUse",
      "description" : "The use of a human name.",
      "oids" : ["2.16.840.1.113883.4.642.4.66"],
      "uses" : {
      },
      "http://hl7.org/fhir/R4/valueset-name-use.html" : "NameUse"
    },
    {
      "url" : "http://hl7.org/fhir/search-entry-mode",
      "version" : "4.0.1",
      "status" : "active",
      "name" : "SearchEntryMode",
      "title" : "SearchEntryMode",
      "description" : "Why an entry is in the result set - whether it's included as a match or because of an _include requirement, or to convey information or warning information about the search process.",
      "oids" : ["2.16.840.1.113883.4.642.4.623"],
      "uses" : {
      },
      "http://hl7.org/fhir/R4/valueset-search-entry-mode.html" : "SearchEntryMode"
    },
    {
      "url" : "http://loinc.org",
      "version" : "3.1.0",
      "status" : "active",
      "name" : "LOINC",
      "title" : "Logical Observation Identifiers, Names and Codes (LOINC)",
      "description" : "LOINC provides a set of universal names and ID codes for identifying laboratory and clinical test results.1,2 LOINC facilitates the exchange and pooling of results, such as blood hemoglobin, serum potassium, or vital signs, for clinical care, outcomes management, and research. LOINC's universal identifiers (names and codes) can be used in the context of order and observation exchanges between information systems that use syntax standards such as HL73, CEN TC251, ISO TC215, ASTM4, and DICOM. Specifically, the identifier can be used as the coded value for an observation in any other standard that uses the observation/observation value paradigm, whether messages, documents, application programming interface (API), etc. For example, LOINC codes are used widely in the OBX segment Observation Identifier field (OBX-3) of an ORU HL7 (HL7 version 2.x or ASTM 1238-9410) message that may be sent between a Clinical Laboratory Information Management Systems (LIMS) and Electronic Health Record Systems (EHR).5, 6 In this way, LOINC codes provide universal identifiers that allow the exchange of clinical data between heterogeneous computing environments.",
      "oids" : ["2.16.840.1.113883.6.1"],
      "uses" : {
      },
      "https://interop.esante.gouv.fr/terminologies/1.1.0/ValueSet-JDV-J07-XdsTypeCode-CISIS.html" : "JDV_J07_XdsTypeCode_CISIS"
    },
    {
      "url" : "http://snomed.info/sct",
      "version" : "http://snomed.info/sct/900000000000207008/version/20250601",
      "status" : "active",
      "name" : "SNOMED_CT",
      "title" : "SNOMED CT core",
      "description" : "SNOMED CT is the most comprehensive and precise clinical health terminology product in the world, owned and distributed around the world by The International Health Terminology Standards Development Organisation (IHTSDO).",
      "oids" : ["2.16.840.1.113883.6.96"],
      "uses" : {
      },
      "http://hl7.org/fhir/R4/valueset-encounter-reason.html" : "Encounter Reason Codes"
    },
    {
      "url" : "http://terminology.hl7.org/CodeSystem/admit-source",
      "version" : "1.0.1",
      "status" : "active",
      "name" : "AdmitSource",
      "title" : "Admit source",
      "description" : "This value set defines a set of codes that can be used to indicate from where the patient came in.",
      "oids" : ["2.16.840.1.113883.4.642.1.1092"],
      "uses" : {
      },
      "http://hl7.org/fhir/R4/valueset-encounter-admit-source.html" : "Admit source"
    },
    {
      "url" : "http://terminology.hl7.org/CodeSystem/common-tags",
      "version" : "1.0.1",
      "status" : "active",
      "name" : "CommonTags",
      "title" : "Common Tags",
      "description" : "Common Tag Codes defined by FHIR project",
      "oids" : ["2.16.840.1.113883.4.642.1.1067"],
      "uses" : {
      },
      "http://hl7.org/fhir/R4/valueset-common-tags.html" : "Common Tags"
    },
    {
      "url" : "http://terminology.hl7.org/CodeSystem/contactentity-type",
      "version" : "1.0.0",
      "status" : "draft",
      "name" : "ContactEntityType",
      "title" : "Contact entity type",
      "description" : "This example value set defines a set of codes that can be used to indicate the purpose for which you would contact a contact party.",
      "oids" : ["2.16.840.1.113883.4.642.1.1129"],
      "uses" : {
      },
      "http://hl7.org/fhir/R4/valueset-contactentity-type.html" : "Contact entity type"
    },
    {
      "url" : "http://terminology.hl7.org/CodeSystem/diagnosis-role",
      "version" : "1.1.1",
      "status" : "active",
      "name" : "DiagnosisRole",
      "title" : "Diagnosis Role",
      "description" : "This value set defines a set of codes that can be used to express the role of a diagnosis on the Encounter or EpisodeOfCare record.",
      "oids" : ["2.16.840.1.113883.4.642.1.1054"],
      "uses" : {
      },
      "http://hl7.org/fhir/R4/valueset-diagnosis-role.html" : "DiagnosisRole"
    },
    {
      "url" : "http://terminology.hl7.org/CodeSystem/diet",
      "version" : "1.0.1",
      "status" : "active",
      "name" : "Diet",
      "title" : "Diet",
      "description" : "This value set defines a set of codes that can be used to indicate dietary preferences or restrictions a patient may have.",
      "oids" : ["2.16.840.1.113883.4.642.1.1091"],
      "uses" : {
      },
      "http://hl7.org/fhir/R4/valueset-encounter-diet.html" : "Diet"
    },
    {
      "url" : "http://terminology.hl7.org/CodeSystem/discharge-disposition",
      "version" : "1.0.1",
      "status" : "active",
      "name" : "DischargeDisposition",
      "title" : "Discharge disposition",
      "description" : "This value set defines a set of codes that can be used to where the patient left the hospital.",
      "oids" : ["2.16.840.1.113883.4.642.1.1093"],
      "uses" : {
      },
      "http://hl7.org/fhir/R4/valueset-encounter-discharge-disposition.html" : "Discharge disposition"
    },
    {
      "url" : "http://terminology.hl7.org/CodeSystem/encounter-special-arrangements",
      "version" : "1.0.1",
      "status" : "active",
      "name" : "SpecialArrangements",
      "title" : "Special arrangements",
      "description" : "This value set defines a set of codes that can be used to indicate the kinds of special arrangements in place for a patients visit.",
      "oids" : ["2.16.840.1.113883.4.642.1.1090"],
      "uses" : {
      },
      "http://hl7.org/fhir/R4/valueset-encounter-special-arrangements.html" : "Special arrangements"
    },
    {
      "url" : "http://terminology.hl7.org/CodeSystem/encounter-type",
      "version" : "1.0.1",
      "status" : "active",
      "name" : "EncounterType",
      "title" : "Encounter type",
      "description" : "This example value set defines a set of codes that can be used to indicate the type of encounter: a specific code indicating type of service provided.",
      "oids" : ["2.16.840.1.113883.4.642.1.1088"],
      "uses" : {
      },
      "http://hl7.org/fhir/R4/valueset-encounter-type.html" : "Encounter type"
    },
    {
      "url" : "http://terminology.hl7.org/CodeSystem/location-physical-type",
      "version" : "2.0.1",
      "status" : "active",
      "name" : "LocationType",
      "title" : "Location type",
      "description" : "This example value set defines a set of codes that can be used to indicate the physical form of the Location.\r\rThis includes several 'non physical' codes which are still considered a location.",
      "oids" : ["2.16.840.1.113883.4.642.1.1108"],
      "uses" : {
      },
      "http://hl7.org/fhir/R4/valueset-location-physical-type.html" : "Location type"
    },
    {
      "url" : "http://terminology.hl7.org/CodeSystem/organization-type",
      "version" : "2.0.1",
      "status" : "active",
      "name" : "OrganizationType",
      "title" : "Organization type",
      "description" : "This example value set defines a set of codes that can be used to indicate a type of organization.",
      "oids" : ["2.16.840.1.113883.4.642.1.1128"],
      "uses" : {
      },
      "http://hl7.org/fhir/R4/valueset-organization-type.html" : "Organization type"
    },
    {
      "url" : "http://terminology.hl7.org/CodeSystem/participant-type",
      "version" : "1.0.1",
      "status" : "active",
      "name" : "ParticipantType",
      "title" : "Participant type",
      "description" : "This value set defines a set of codes that can be used to indicate how an individual participates in an encounter.",
      "oids" : ["2.16.840.1.113883.4.642.1.1089"],
      "uses" : {
      },
      "http://hl7.org/fhir/R4/valueset-encounter-participant-type.html" : "Participant type"
    },
    {
      "url" : "http://terminology.hl7.org/CodeSystem/service-type",
      "version" : "1.1.0",
      "status" : "draft",
      "name" : "ServiceType",
      "title" : "Service type",
      "description" : "This value set defines an example set of codes of service-types.",
      "oids" : ["2.16.840.1.113883.4.642.1.1145"],
      "uses" : {
      },
      "http://hl7.org/fhir/R4/valueset-service-type.html" : "Service type"
    },
    {
      "url" : "http://terminology.hl7.org/CodeSystem/v2-0092",
      "version" : "2.1.0",
      "status" : "active",
      "name" : "ReAdmissionIndicator",
      "title" : "re-admissionIndicator",
      "description" : "Code system of concepts which are used to specify that a patient is being re admitted to a healthcare facilityin from which they were discharged, and indicates the circumstances around such re-admission.  Used in HL7 Version 2.x messagine in the PV1 segment.",
      "oids" : ["2.16.840.1.113883.18.36"],
      "uses" : {
      },
      "http://terminology.hl7.org/5.0.0/ValueSet-v2-0092.html" : "hl7VS-re-admissionIndicator"
    },
    {
      "url" : "http://terminology.hl7.org/CodeSystem/v2-0131",
      "version" : "2.1.0",
      "status" : "active",
      "name" : "ContactRole2",
      "title" : "contactRole2",
      "description" : "Code system of concepts which specify a relationship role that the next of kin/associated parties plays with regard to the patient. Also used in referrals, for example, it may be necessary to identify the contact representative at the clinic that sent a referral. Used in HL7 Version 2 messaging in the NK1 and CTD segments after 2.5, when it replace 2.16.840.1.113883.18.57.",
      "oids" : ["2.16.840.1.113883.18.58"],
      "uses" : {
      },
      "https://hl7.fr/ig/fhir/core/2.1.0/ValueSet-fr-core-vs-patient-contact-role.html" : "FR Core ValueSet Patient contact role",
      "http://hl7.org/fhir/R4/valueset-patient-contactrelationship.html" : "Patient Contact Relationship "
    },
    {
      "url" : "http://terminology.hl7.org/CodeSystem/v2-0203",
      "version" : "5.0.0",
      "status" : "active",
      "name" : "IdentifierType",
      "title" : "identifierType",
      "description" : "HL7-defined code system of concepts specifying type of identifier. Used in HL7 Version 2.x messaging data types CX, PLN, PPN, XCN and XON.",
      "oids" : ["2.16.840.1.113883.18.108"],
      "uses" : {
      },
      "http://hl7.org/fhir/R4/valueset-identifier-type.html" : "IdentifierType"
    },
    {
      "url" : "http://terminology.hl7.org/CodeSystem/v3-ActCode",
      "version" : "9.0.0",
      "status" : "active",
      "name" : "ActCode",
      "title" : "ActCode",
      "description" : "A code specifying the particular kind of Act that the Act-instance represents within its class.\r\n\r\n*Constraints:* The kind of Act (e.g. physical examination, serum potassium, inpatient encounter, charge financial transaction, etc.) is specified with a code from one of several, typically external, coding systems. The coding system will depend on the class of Act, such as LOINC for observations, etc.\r\n\r\nConceptually, the Act.code must be a specialization of the Act.classCode. This is why the structure of ActClass domain should be reflected in the superstructure of the ActCode domain and then individual codes or externally referenced vocabularies subordinated under these domains that reflect the ActClass structure.\r\n\r\nAct.classCode and Act.code are not modifiers of each other but the Act.code concept should really imply the Act.classCode concept. For a negative example, it is not appropriate to use an Act.code \"potassium\" together with and Act.classCode for \"laboratory observation\" to somehow mean \"potassium laboratory observation\" and then use the same Act.code for \"potassium\" together with Act.classCode for \"medication\" to mean \"substitution of potassium\". This mutually modifying use of Act.code and Act.classCode is not permitted.",
      "oids" : ["2.16.840.1.113883.5.4"],
      "uses" : {
      },
      "http://terminology.hl7.org/6.4.0/ValueSet-v3-ActEncounterCode.html" : "ActEncounterCode",
      "http://terminology.hl7.org/6.4.0/ValueSet-v3-ActCode.html" : "v3 Code System ActCode"
    },
    {
      "url" : "http://terminology.hl7.org/CodeSystem/v3-ActPriority",
      "version" : "3.0.0",
      "status" : "active",
      "name" : "ActPriority",
      "title" : "ActPriority",
      "description" : "A set of codes (e.g., for routine, emergency), specifying the urgency under which the Act happened, can happen, is happening, is intended to happen, or is requested/demanded to happen.",
      "oids" : ["2.16.840.1.113883.5.7"],
      "uses" : {
      },
      "http://terminology.hl7.org/6.4.0/ValueSet-v3-ActPriority.html" : "ActPriority"
    },
    {
      "url" : "http://terminology.hl7.org/CodeSystem/v3-EncounterSpecialCourtesy",
      "version" : "3.0.0",
      "status" : "active",
      "name" : "EncounterSpecialCourtesy",
      "title" : "EncounterSpecialCourtesy",
      "description" : "**** MISSING DESCRIPTION ****",
      "oids" : ["2.16.840.1.113883.5.40"],
      "uses" : {
      },
      "http://hl7.org/fhir/R4/valueset-encounter-special-courtesy.html" : "Special courtesy"
    },
    {
      "url" : "http://terminology.hl7.org/CodeSystem/v3-MaritalStatus",
      "version" : "3.0.0",
      "status" : "active",
      "name" : "MaritalStatus",
      "title" : "MaritalStatus",
      "description" : "\\* \\* \\* No description supplied \\* \\* \\*\r\n\r\n*Open Issue:* The specific meanings of these codes can vary somewhat by jurisdiction and implementation so caution should be used when determining equivalency.\r\n\r\n*Open Issue:* fixing and completion of the hierarchy and proper good definitions of all the concepts is badly needed.",
      "oids" : ["2.16.840.1.113883.5.2"],
      "uses" : {
      },
      "https://hl7.fr/ig/fhir/core/2.1.0/ValueSet-fr-core-vs-marital-status.html" : "FR Core ValueSet Patient gender INS ValueSet"
    },
    {
      "url" : "http://terminology.hl7.org/CodeSystem/v3-NullFlavor",
      "version" : "3.0.0",
      "status" : "active",
      "name" : "NullFlavor",
      "title" : "NullFlavor",
      "description" : "A collection of codes specifying why a valid value is not present.",
      "oids" : ["2.16.840.1.113883.5.1008"],
      "uses" : {
      },
      "http://hl7.org/fhir/R4/valueset-encounter-special-courtesy.html" : "Special courtesy",
      "https://hl7.fr/ig/fhir/core/2.1.0/ValueSet-fr-core-vs-marital-status.html" : "FR Core ValueSet Patient gender INS ValueSet"
    },
    {
      "url" : "http://terminology.hl7.org/CodeSystem/v3-ParticipationType",
      "version" : "5.0.0",
      "status" : "active",
      "name" : "ParticipationType",
      "title" : "ParticipationType",
      "description" : "A code specifying the meaning and purpose of every Participation instance. Each of its values implies specific constraints on the Roles undertaking the participation.",
      "oids" : ["2.16.840.1.113883.5.90"],
      "uses" : {
      },
      "http://hl7.org/fhir/R4/valueset-encounter-participant-type.html" : "Participant type"
    },
    {
      "url" : "https://hl7.fr/ig/fhir/core/CodeSystem/fr-core-cs-marital-status",
      "version" : "2.1.0",
      "status" : "draft",
      "name" : "FRCoreCodeSystemMaritalStatus",
      "title" : "FR Core CodeSystem Marital Status",
      "description" : "Identifier type",
      "uses" : {
      },
      "https://hl7.fr/ig/fhir/core/2.1.0/ValueSet-fr-core-vs-marital-status.html" : "FR Core ValueSet Patient gender INS ValueSet"
    },
    {
      "url" : "https://hl7.fr/ig/fhir/core/CodeSystem/fr-core-cs-v2-3307",
      "version" : "2.1.0",
      "status" : "draft",
      "name" : "FRCoreCodeSystemv2_3307",
      "title" : "FR Core CodeSystem v2-3307",
      "description" : "HL7 v2 - Table 3307",
      "uses" : {
      },
      "https://hl7.fr/ig/fhir/core/2.1.0/ValueSet-fr-core-vs-organization-type.html" : "FR Core ValueSet Organization type"
    },
    {
      "url" : "https://mos.esante.gouv.fr/NOS/TRE_A00-ProducteurDocNonPS/FHIR/TRE-A00-ProducteurDocNonPS",
      "version" : "20240329120000",
      "status" : "active",
      "name" : "TRE_A00_ProducteurDocNonPS",
      "title" : null,
      "description" : "Producteur de document non PS",
      "oids" : ["1.2.250.1.213.1.1.4.6"],
      "uses" : {
      },
      "https://interop.esante.gouv.fr/terminologies/1.1.0/ValueSet-JDV-J04-XdsPracticeSettingCode-CISIS.html" : "JDV_J04_XdsPracticeSettingCode_CISIS",
      "https://interop.esante.gouv.fr/terminologies/1.1.0/ValueSet-JDV-J02-XdsHealthcareFacilityTypeCode-CISIS.html" : "JDV_J02_XdsHealthcareFacilityTypeCode_CISIS"
    },
    {
      "url" : "https://mos.esante.gouv.fr/NOS/TRE_A01-CadreExercice/FHIR/TRE-A01-CadreExercice",
      "version" : "20240927120000",
      "status" : "active",
      "name" : "TRE_A01_CadreExercice",
      "title" : null,
      "description" : "Cadre d'exercice",
      "oids" : ["1.2.250.1.213.1.1.4.9"],
      "uses" : {
      },
      "https://interop.esante.gouv.fr/terminologies/1.1.0/ValueSet-JDV-J04-XdsPracticeSettingCode-CISIS.html" : "JDV_J04_XdsPracticeSettingCode_CISIS"
    },
    {
      "url" : "https://mos.esante.gouv.fr/NOS/TRE_A03-ClasseDocument/FHIR/TRE-A03-ClasseDocument",
      "version" : "20231215120000",
      "status" : "active",
      "name" : "TRE_A03_ClasseDocument",
      "title" : null,
      "description" : "Classe de document",
      "oids" : ["1.2.250.1.213.1.1.4.1"],
      "uses" : {
      },
      "https://interop.esante.gouv.fr/terminologies/1.1.0/ValueSet-JDV-J06-XdsClassCode-CISIS.html" : "JDV_J06_XdsClassCode_CISIS"
    },
    {
      "url" : "https://mos.esante.gouv.fr/NOS/TRE_A05-TypeDocComplementaire/FHIR/TRE-A05-TypeDocComplementaire",
      "version" : "20240329120000",
      "status" : "active",
      "name" : "TRE_A05_TypeDocComplementaire",
      "title" : null,
      "description" : "Type de document en complément des nomenclatures internationales",
      "oids" : ["1.2.250.1.213.1.1.4.12"],
      "uses" : {
      },
      "https://interop.esante.gouv.fr/terminologies/1.1.0/ValueSet-JDV-J07-XdsTypeCode-CISIS.html" : "JDV_J07_XdsTypeCode_CISIS"
    },
    {
      "url" : "https://mos.esante.gouv.fr/NOS/TRE_A06-FormatCodeComplementaire/FHIR/TRE-A06-FormatCodeComplementaire",
      "version" : "20240726120000",
      "status" : "active",
      "name" : "TRE_A06_FormatCodeComplementaire",
      "title" : null,
      "description" : "formatCode en complément des nomenclatures internationales",
      "oids" : ["1.2.250.1.213.1.1.4.2.282"],
      "uses" : {
      },
      "https://interop.esante.gouv.fr/terminologies/1.1.0/ValueSet-JDV-J10-XdsFormatCode-CISIS.html" : "JDV_J10_XdsFormatCode_CISIS"
    },
    {
      "url" : "https://mos.esante.gouv.fr/NOS/TRE_A09-DICOMuidRegistry/FHIR/TRE-A09-DICOMuidRegistry",
      "version" : "20231215120000",
      "status" : "active",
      "name" : "TRE_A09_DICOMuidRegistry",
      "title" : null,
      "description" : "DICOM UID Registry",
      "oids" : ["1.2.840.10008.2.6.1"],
      "uses" : {
      },
      "https://interop.esante.gouv.fr/terminologies/1.1.0/ValueSet-JDV-J10-XdsFormatCode-CISIS.html" : "JDV_J10_XdsFormatCode_CISIS"
    },
    {
      "url" : "https://mos.esante.gouv.fr/NOS/TRE_A10-NomenclatureURN/FHIR/TRE-A10-NomenclatureURN",
      "version" : "20231215120000",
      "status" : "active",
      "name" : "TRE_A10_NomenclatureURN",
      "title" : null,
      "description" : "Nomenclature identifiée par URN",
      "oids" : ["URN"],
      "uses" : {
      },
      "https://interop.esante.gouv.fr/terminologies/1.1.0/ValueSet-JDV-J06-XdsClassCode-CISIS.html" : "JDV_J06_XdsClassCode_CISIS",
      "https://interop.esante.gouv.fr/terminologies/1.1.0/ValueSet-JDV-J10-XdsFormatCode-CISIS.html" : "JDV_J10_XdsFormatCode_CISIS"
    },
    {
      "url" : "https://mos.esante.gouv.fr/NOS/TRE_A11-IheFormatCode/FHIR/TRE-A11-IheFormatCode",
      "version" : "20240426120000",
      "status" : "active",
      "name" : "TRE_A11_IheFormatCode",
      "title" : null,
      "description" : "IHE formatCode",
      "oids" : ["1.3.6.1.4.1.19376.1.2.3"],
      "uses" : {
      },
      "https://interop.esante.gouv.fr/terminologies/1.1.0/ValueSet-JDV-J10-XdsFormatCode-CISIS.html" : "JDV_J10_XdsFormatCode_CISIS"
    },
    {
      "url" : "https://mos.esante.gouv.fr/NOS/TRE_A12-NomenclatureASTM/FHIR/TRE-A12-NomenclatureASTM",
      "version" : "20231215120000",
      "status" : "active",
      "name" : "TRE_A12_NomenclatureASTM",
      "title" : null,
      "description" : "Nomenclature identifiée par ASTM",
      "oids" : ["ASTM"],
      "uses" : {
      },
      "https://interop.esante.gouv.fr/terminologies/1.1.0/ValueSet-JDV-J07-XdsTypeCode-CISIS.html" : "JDV_J07_XdsTypeCode_CISIS"
    },
    {
      "url" : "https://mos.esante.gouv.fr/NOS/TRE_R02-SecteurActivite/FHIR/TRE-R02-SecteurActivite",
      "version" : "20250523120000",
      "status" : "active",
      "name" : "TRE_R02_SecteurActivite",
      "title" : null,
      "description" : "Le secteur d'activité de santé est une donnée RPPS et correspond au type de service fourni par une structure. Il sert principalement à déterminer les propriétés de facturation des professionnels de ces structures vis-à-vis de l'assurance maladie",
      "oids" : ["1.2.250.1.71.4.2.4"],
      "uses" : {
      },
      "https://interop.esante.gouv.fr/terminologies/1.1.0/ValueSet-JDV-J02-XdsHealthcareFacilityTypeCode-CISIS.html" : "JDV_J02_XdsHealthcareFacilityTypeCode_CISIS",
      "https://interop.esante.gouv.fr/terminologies/1.1.0/ValueSet-JDV-J101-SecteurActivite-RASS.html" : "JDV_J101_SecteurActivite_RASS"
    },
    {
      "url" : "https://mos.esante.gouv.fr/NOS/TRE_R11-CiviliteExercice/FHIR/TRE-R11-CiviliteExercice",
      "version" : "20231215120000",
      "status" : "active",
      "name" : "TRE_R11_CiviliteExercice",
      "title" : null,
      "description" : "Civilité d'exercice",
      "oids" : ["1.2.250.1.213.1.6.1.11"],
      "uses" : {
      },
      "https://interop.esante.gouv.fr/terminologies/1.1.0/ValueSet-JDV-J79-CiviliteExercice-RASS.html" : "JDV_J79_CiviliteExercice_RASS"
    },
    {
      "url" : "https://mos.esante.gouv.fr/NOS/TRE_R216-HL7RoleCode/FHIR/TRE-R216-HL7RoleCode",
      "version" : "20241213120000",
      "status" : "active",
      "name" : "TRE_R216_HL7RoleCode",
      "title" : null,
      "description" : "HL7 roleCode",
      "oids" : ["2.16.840.1.113883.5.111"],
      "uses" : {
      },
      "https://hl7.fr/ig/fhir/core/2.1.0/ValueSet-fr-core-vs-relation-type.html" : "FR Core ValueSet relation type"
    },
    {
      "url" : "https://mos.esante.gouv.fr/NOS/TRE_R217-ProtectionJuridique/FHIR/TRE-R217-ProtectionJuridique",
      "version" : "20231215120000",
      "status" : "active",
      "name" : "TRE_R217_ProtectionJuridique",
      "title" : null,
      "description" : "Protection juridique",
      "oids" : ["1.2.250.1.213.1.1.4.327"],
      "uses" : {
      },
      "https://hl7.fr/ig/fhir/core/2.1.0/ValueSet-fr-core-vs-patient-contact-role.html" : "FR Core ValueSet Patient contact role"
    },
    {
      "url" : "https://mos.esante.gouv.fr/NOS/TRE_R260-HL7RoleClass/FHIR/TRE-R260-HL7RoleClass",
      "version" : "20240426120000",
      "status" : "active",
      "name" : "TRE_R260_HL7RoleClass",
      "title" : null,
      "description" : "Rôle de la personne point de contact auprès d'une autre personne repris de la terminologie HL7 v3 RoleClass (https://www.hl7.org/fhir/v3/RoleClass/cs.html)",
      "oids" : ["2.16.840.1.113883.5.110"],
      "uses" : {
      },
      "https://hl7.fr/ig/fhir/core/2.1.0/ValueSet-fr-core-vs-patient-contact-role.html" : "FR Core ValueSet Patient contact role"
    },
    {
      "url" : "https://mos.esante.gouv.fr/NOS/TRE_R66-CategorieEtablissement/FHIR/TRE-R66-CategorieEtablissement",
      "version" : "20250425120000",
      "status" : "active",
      "name" : "TRE_R66_CategorieEtablissement",
      "title" : null,
      "description" : "Catégorie d'établissements",
      "oids" : ["1.2.250.1.213.1.6.1.8"],
      "uses" : {
      },
      "https://interop.esante.gouv.fr/terminologies/1.1.0/ValueSet-JDV-J129-CategorieEtablissement-RASS.html" : "JDV_J129_CategorieEtablissement_RASS"
    },
    {
      "url" : "https://mos.esante.gouv.fr/NOS/TRE_R81-Civilite/FHIR/TRE-R81-Civilite",
      "version" : "20231215120000",
      "status" : "active",
      "name" : "TRE_R81_Civilite",
      "title" : null,
      "description" : "Civilité",
      "oids" : ["1.2.250.1.213.1.6.1.69"],
      "uses" : {
      },
      "https://interop.esante.gouv.fr/terminologies/1.1.0/ValueSet-JDV-J245-Civilite-CISIS.html" : "JDV_J245_Civilite_CISIS"
    },
    {
      "url" : "urn:ietf:bcp:47",
      "version" : "2.0.1",
      "status" : "active",
      "name" : "Ietf3066",
      "title" : "Tags for the Identification of Languages",
      "description" : "Older value from OID registry.  Superceded; see recommendations in BCP-47.",
      "oids" : ["2.16.840.1.113883.6.121"],
      "uses" : {
      },
      "http://hl7.org/fhir/R4/valueset-languages.html" : "Common Languages"
    }
  ]
}
