<?xml version="1.0" encoding="UTF-8"?>

<Encounter xmlns="http://hl7.org/fhir">
  <id value="tddui-encounter-evenement-example"/>
  <meta>
    <profile value="https://interop.esante.gouv.fr/ig/fhir/tddui/StructureDefinition/tddui-encounter-evenement"/>
  </meta>
  <text>
    <status value="extensions"/><div xmlns="http://www.w3.org/1999/xhtml"><p class="res-header-id"><b>Narratif généré : Venue tddui-encounter-evenement-example</b></p><a name="tddui-encounter-evenement-example"> </a><a name="hctddui-encounter-evenement-example"> </a><div style="display: inline-block; background-color: #d9e0e7; padding: 6px; margin: 4px; border: 1px solid #8da1b4; border-radius: 5px; line-height: 60%"><p style="margin-bottom: 0px"/><p style="margin-bottom: 0px">Profil: <a href="StructureDefinition-tddui-encounter-evenement.html">TDDUI Encounter Evenement</a></p></div><blockquote><p><b>Ressources utilisées</b></p><ul><li>TDDUIRessourceType: <span title="Codes:{http://snomed.info/sct 261324000}">Vehicle</span></li></ul></blockquote><p><b>Rapport de l’évènement</b>: Observations cliniques : ; Recommandations pour les jours à venir : ; Prochaine visite : 15 avril 2023, 10h30 ; Remarque : Monsieur Dupont a compris les consignes pour la gestion de sa douleur et la mobilisation de sa hanche opérée.</p><p><b>Commentaire</b>: Cet évènement a débuté plus tard l’usager était sous la douche à l’heure du début du rendez-vous.</p><p><b>Libellé de l'évènement</b>: Visite à domicile pour soins infirmier.</p><p><b>Motif de l’évènement</b>: Suivi post-opératoire suite à intervention chirurgicale de la hanche.</p><p><b>identifier</b>: Visit Number/3480787529/147720425367411-EVN-12548</p><p><b>status</b>: Finished</p><p><b>class</b>: <a href="http://terminology.hl7.org/6.5.0/CodeSystem-v3-ActCode.html#v3-ActCode-HH">ActCode HH</a>: home health</p><p><b>type</b>: <span title="Codes:{https://smt.esante.gouv.fr/fhir/CodeSystem/terminologie-cisis MED-1298}">Intervention d'un infirmer salarié</span>, <span title="Codes:">Intervention</span></p><p><b>subject</b>: <a href="Patient-tddui-patient-ins-example.html">DUPONT  Male, Date de Naissance :1947-04-03 ( NIR définitif (use: official, ))</a></p><h3>Participants</h3><table class="grid"><tr><td style="display: none">-</td><td><b>Individual</b></td></tr><tr><td style="display: none">*</td><td><a href="Practitioner-tddui-practitioner-example.html">Practitioner Claire Martin </a></td></tr></table><p><b>period</b>: 2023-04-14 10:30:00+0200 --&gt; 2023-04-14 11:15:00+0200</p><h3>Locations</h3><table class="grid"><tr><td style="display: none">-</td><td><b>Location</b></td></tr><tr><td style="display: none">*</td><td><a href="Location-tddui-event-location-example.html">Location</a></td></tr></table><p><b>serviceProvider</b>: <a href="Organization-tddui-organization-example.html">Organization Les Chênes Verts</a></p><p><b>partOf</b>: <a href="Encounter-tddui-encounter-sejour-example.html">Encounter : extension = 2023-04-11,Date de début du suivi post-opératoire : 14/04/2023,Sortie prévisionnelle prévue pour le 5 mai 2023,2023-05-05; identifier = Identifiant du séjour: 3480787529/147720425367411-SEJOUR-1012; status = in-progress; class = home health (ActCode#HH); period = 2023-04-14 --&gt; (ongoing)</a></p></div>
  </text>
  <extension url="https://interop.esante.gouv.fr/ig/fhir/tddui/StructureDefinition/tddui-ressources-used">
    <extension url="TDDUIRessourceType">
      <valueCodeableConcept>
        <coding>
          <system value="http://snomed.info/sct"/>
          <code value="261324000"/>
          <display value="Vehicle"/>
        </coding>
      </valueCodeableConcept>
    </extension>
  </extension>
  <extension url="https://interop.esante.gouv.fr/ig/fhir/tddui/StructureDefinition/tddui-event-report">
    <valueString value="Observations cliniques : ; Recommandations pour les jours à venir : ; Prochaine visite : 15 avril 2023, 10h30 ; Remarque : Monsieur Dupont a compris les consignes pour la gestion de sa douleur et la mobilisation de sa hanche opérée."/>
  </extension>
  <extension url="https://interop.esante.gouv.fr/ig/fhir/tddui/StructureDefinition/tddui-comment">
    <valueString value="Cet évènement a débuté plus tard l’usager était sous la douche à l’heure du début du rendez-vous."/>
  </extension>
  <extension url="https://interop.esante.gouv.fr/ig/fhir/tddui/StructureDefinition/tddui-event-label">
    <valueString value="Visite à domicile pour soins infirmier."/>
  </extension>
  <extension url="https://interop.esante.gouv.fr/ig/fhir/tddui/StructureDefinition/tddui-event-reason">
    <valueString value="Suivi post-opératoire suite à intervention chirurgicale de la hanche."/>
  </extension>
  <identifier>
    <type>
      <coding>
        <system value="https://hl7.fr/ig/fhir/core/CodeSystem/fr-core-cs-identifier-type"/>
        <code value="VN"/>
      </coding>
    </type>
    <system value="https://hl7.fr/ig/fhir/core/CodeSystem/fr-core-cs-identifier-type"/>
    <value value="3480787529/147720425367411-EVN-12548"/>
  </identifier>
  <status value="finished"/>
  <class>
    <system value="http://terminology.hl7.org/CodeSystem/v3-ActCode"/>
    <code value="HH"/>
  </class>
  <type>
    <coding>
      <system value="https://smt.esante.gouv.fr/fhir/CodeSystem/terminologie-cisis"/>
      <code value="MED-1298"/>
      <display value="Intervention d'un infirmer salarié"/>
    </coding>
  </type>
  <type>
    <text value="Intervention"/>
  </type>
  <subject>
    <reference value="Patient/tddui-patient-ins-example"/>
  </subject>
  <participant>
    <individual>
      <reference value="Practitioner/tddui-practitioner-example"/>
    </individual>
  </participant>
  <period>
    <start value="2023-04-14T10:30:00+02:00"/>
    <end value="2023-04-14T11:15:00+02:00"/>
  </period>
  <location>
    <location>
      <reference value="Location/tddui-event-location-example"/>
    </location>
  </location>
  <serviceProvider>
    <reference value="Organization/tddui-organization-example"/>
  </serviceProvider>
  <partOf>
    <reference value="Encounter/tddui-encounter-sejour-example"/>
  </partOf>
</Encounter>