<?xml version="1.0" encoding="UTF-8"?><CodeSystem xmlns="http://hl7.org/fhir"><id value="input-tddui-task-prestation-codesystem"/><meta><profile value="http://hl7.org/fhir/StructureDefinition/shareablecodesystem"/></meta><text><status value="generated"/><div xmlns="http://www.w3.org/1999/xhtml"><p class="res-header-id"><b>Narratif généré : CodeSystem input-tddui-task-prestation-codesystem</b></p><a name="input-tddui-task-prestation-codesystem"> </a><a name="hcinput-tddui-task-prestation-codesystem"> </a><div style="display: inline-block; background-color: #d9e0e7; padding: 6px; margin: 4px; border: 1px solid #8da1b4; border-radius: 5px; line-height: 60%"><p style="margin-bottom: 0px"/><p style="margin-bottom: 0px">Profil: <a href="http://hl7.org/fhir/R4/shareablecodesystem.html">Shareable CodeSystem</a></p></div><p>This case-sensitive code system <code>https://interop.esante.gouv.fr/ig/fhir/tddui/CodeSystem/input-tddui-task-prestation-codesystem</code> defines the following codes:</p><table class="codes"><tr><td style="white-space:nowrap"><b>Code</b></td><td><b>Display</b></td></tr><tr><td style="white-space:nowrap">titre<a name="input-tddui-task-prestation-codesystem-titre"> </a></td><td>Titre de l'action à mener.</td></tr><tr><td style="white-space:nowrap">typePrestation<a name="input-tddui-task-prestation-codesystem-typePrestation"> </a></td><td>Type de la prestation.</td></tr><tr><td style="white-space:nowrap">evaluation<a name="input-tddui-task-prestation-codesystem-evaluation"> </a></td><td>Evaluation de l'action.</td></tr><tr><td style="white-space:nowrap">pieceJointe<a name="input-tddui-task-prestation-codesystem-pieceJointe"> </a></td><td>Pièce(s) jointe(s) de l'action.</td></tr><tr><td style="white-space:nowrap">evaluationNonStructuree<a name="input-tddui-task-prestation-codesystem-evaluationNonStructuree"> </a></td><td>Évaluation non structurée de l’action.</td></tr></table></div></text><url value="https://interop.esante.gouv.fr/ig/fhir/tddui/CodeSystem/input-tddui-task-prestation-codesystem"/><version value="2.1.0-ballot"/><name value="InputTDDUITaskPrestationCodeSystem"/><title value="InputTDDUITaskPrestationCodeSystem"/><status value="active"/><experimental value="false"/><date value="2025-11-18T15:24:05+00:00"/><publisher value="ANS"/><contact><name value="ANS"/><telecom><system value="url"/><value value="https://esante.gouv.fr"/></telecom></contact><description value="CodeSystem pour la définition des éléments spécifiques des input dans la ressource Task utilisée pour les prestations du projet personnalisé."/><jurisdiction><coding><system value="urn:iso:std:iso:3166"/><code value="FR"/><display value="FRANCE"/></coding></jurisdiction><caseSensitive value="true"/><compositional value="false"/><content value="complete"/><count value="5"/><concept><code value="titre"/><display value="Titre de l'action à mener."/></concept><concept><code value="typePrestation"/><display value="Type de la prestation."/></concept><concept><code value="evaluation"/><display value="Evaluation de l'action."/></concept><concept><code value="pieceJointe"/><display value="Pièce(s) jointe(s) de l'action."/></concept><concept><code value="evaluationNonStructuree"/><display value="Évaluation non structurée de l’action."/></concept></CodeSystem>