<?xml version="1.0" encoding="UTF-8"?><CodeSystem xmlns="http://hl7.org/fhir"><id value="output-tddui-task-bilan-codesystem"/><meta><profile value="http://hl7.org/fhir/StructureDefinition/shareablecodesystem"/></meta><text><status value="generated"/><div xmlns="http://www.w3.org/1999/xhtml"><p class="res-header-id"><b>Narratif généré : CodeSystem output-tddui-task-bilan-codesystem</b></p><a name="output-tddui-task-bilan-codesystem"> </a><a name="hcoutput-tddui-task-bilan-codesystem"> </a><div style="display: inline-block; background-color: #d9e0e7; padding: 6px; margin: 4px; border: 1px solid #8da1b4; border-radius: 5px; line-height: 60%"><p style="margin-bottom: 0px"/><p style="margin-bottom: 0px">Profil: <a href="http://hl7.org/fhir/R4/shareablecodesystem.html">Shareable CodeSystem</a></p></div><p>This case-sensitive code system <code>https://interop.esante.gouv.fr/ig/fhir/tddui/CodeSystem/output-tddui-task-bilan-codesystem</code> defines the following code:</p><table class="codes"><tr><td style="white-space:nowrap"><b>Code</b></td><td><b>Display</b></td></tr><tr><td style="white-space:nowrap">syntheseBilan<a name="output-tddui-task-bilan-codesystem-syntheseBilan"> </a></td><td>Synthèse du bilan.</td></tr></table></div></text><url value="https://interop.esante.gouv.fr/ig/fhir/tddui/CodeSystem/output-tddui-task-bilan-codesystem"/><version value="2.1.0-ballot"/><name value="OutputTDDUITaskBilanCodeSystem"/><title value="OutputTDDUITaskBilanCodeSystem"/><status value="active"/><experimental value="false"/><date value="2025-11-26T10:17:34+00:00"/><publisher value="ANS"/><contact><name value="ANS"/><telecom><system value="url"/><value value="https://esante.gouv.fr"/></telecom></contact><description value="CodeSystem pour la définition des éléments spécifiques des output dans la ressource Task utilisée pour le bilan du projet personnalisé."/><jurisdiction><coding><system value="urn:iso:std:iso:3166"/><code value="FR"/><display value="FRANCE"/></coding></jurisdiction><caseSensitive value="true"/><compositional value="false"/><content value="complete"/><count value="1"/><concept><code value="syntheseBilan"/><display value="Synthèse du bilan."/></concept></CodeSystem>