<?xml version="1.0" encoding="UTF-8"?><CodeSystem xmlns="http://hl7.org/fhir"><id value="tddui-goal-note-cs"/><text><status value="generated"/><div xmlns="http://www.w3.org/1999/xhtml"><p class="res-header-id"><b>Narratif généré : CodeSystem tddui-goal-note-cs</b></p><a name="tddui-goal-note-cs"> </a><a name="hctddui-goal-note-cs"> </a><p>This  code system <code>https://interop.esante.gouv.fr/ig/fhir/tddui/CodeSystem/tddui-goal-note-cs</code> defines the following codes:</p><table class="codes"><tr><td style="white-space:nowrap"><b>Code</b></td><td><b>Display</b></td></tr><tr><td style="white-space:nowrap">titreObjectif<a name="tddui-goal-note-cs-titreObjectif"> </a></td><td>Titre de l'objectif</td></tr><tr><td style="white-space:nowrap">avisUsagerObjectif<a name="tddui-goal-note-cs-avisUsagerObjectif"> </a></td><td>Avis de l'usager sur l'objectif</td></tr><tr><td style="white-space:nowrap">strategieMiseEnOeuvreObjectif<a name="tddui-goal-note-cs-strategieMiseEnOeuvreObjectif"> </a></td><td>Stratégie de mise en œuvre de l'objectif</td></tr><tr><td style="white-space:nowrap">origineAttente<a name="tddui-goal-note-cs-origineAttente"> </a></td><td>Acteur (personne physique ou personne morale) qui a un lien avec l'usager ou l'usager elle-même qui définit son attente.</td></tr><tr><td style="white-space:nowrap">commentaireAttente<a name="tddui-goal-note-cs-commentaireAttente"> </a></td><td>Permet de compléter ou éclairer la description de l'attente.</td></tr></table></div></text><url value="https://interop.esante.gouv.fr/ig/fhir/tddui/CodeSystem/tddui-goal-note-cs"/><version value="2.1.0-ballot"/><name value="TDDUIGoalNoteCS"/><title value="TDDUI Goal Note CodeSystem"/><status value="active"/><date value="2025-11-26T10:17:34+00:00"/><publisher value="ANS"/><contact><name value="ANS"/><telecom><system value="url"/><value value="https://esante.gouv.fr"/></telecom></contact><description value="CodeSystem définissant les types de notes pour l'élément Goal.note"/><jurisdiction><coding><system value="urn:iso:std:iso:3166"/><code value="FR"/><display value="FRANCE"/></coding></jurisdiction><content value="complete"/><count value="5"/><concept><code value="titreObjectif"/><display value="Titre de l'objectif"/><designation><use><system value="http://terminology.hl7.org/CodeSystem/hl7TermMaintInfra"/><code value="preferredForLanguage"/></use><value value="Titre de l'objectif"/></designation></concept><concept><code value="avisUsagerObjectif"/><display value="Avis de l'usager sur l'objectif"/><designation><use><system value="http://terminology.hl7.org/CodeSystem/hl7TermMaintInfra"/><code value="preferredForLanguage"/></use><value value="Avis de l'usager sur l'objectif"/></designation></concept><concept><code value="strategieMiseEnOeuvreObjectif"/><display value="Stratégie de mise en œuvre de l'objectif"/><designation><use><system value="http://terminology.hl7.org/CodeSystem/hl7TermMaintInfra"/><code value="preferredForLanguage"/></use><value value="Stratégie de mise en œuvre de l'objectif"/></designation></concept><concept><code value="origineAttente"/><display value="Acteur (personne physique ou personne morale) qui a un lien avec l'usager ou l'usager elle-même qui définit son attente."/><designation><use><system value="http://terminology.hl7.org/CodeSystem/hl7TermMaintInfra"/><code value="preferredForLanguage"/></use><value value="Acteur (personne physique ou personne morale) qui a un lien avec l'usager ou l'usager elle-même qui définit son attente."/></designation></concept><concept><code value="commentaireAttente"/><display value="Permet de compléter ou éclairer la description de l'attente."/><designation><use><system value="http://terminology.hl7.org/CodeSystem/hl7TermMaintInfra"/><code value="preferredForLanguage"/></use><value value="Permet de compléter ou éclairer la description de l'attente."/></designation></concept></CodeSystem>