{
  "resourceType" : "CodeSystem",
  "id" : "4d188723-f7e9-4e4b-8a26-c56e0dd153f0-5",
  "url" : "http://hl7.org/fhir/comparison/CodeSystem/4d188723-f7e9-4e4b-8a26-c56e0dd153f0-5",
  "name" : "UnionTDDUIIdentifierAndTDDUIIdentifier",
  "title" : "Union of TDDUI FR Core CodeSystem v2-0203 And TDDUI FR Core CodeSystem v2-0203",
  "status" : "active",
  "date" : "2025-09-19T09:51:25+00:00",
  "jurisdiction" : [{
    "coding" : [{
      "system" : "urn:iso:std:iso:3166",
      "code" : "FR",
      "display" : "FRANCE"
    }]
  }],
  "concept" : [{
    "code" : "PIN",
    "display" : "Patient initial number"
  }]
}