{
  "codeSystems" : [
    {
      "url" : "http://dicom.nema.org/resources/ontology/DCM",
      "version" : "2022.4.20221006",
      "status" : "active",
      "name" : "DICOMTerminologyDefinitions",
      "title" : "DICOM Controlled Terminology Definitions",
      "description" : "DICOM Code Definitions (Coding Scheme Designator \"DCM\" Coding Scheme Version 2022.4.20221006",
      "oids" : ["1.2.840.10008.2.16.4"],
      "uses" : {
      },
      "http://hl7.org/fhir/R4/valueset-security-role-type.html" : "SecurityRoleType"
    },
    {
      "url" : "http://hl7.org/fhir/CodeSystem/task-code",
      "version" : "4.0.1",
      "status" : "active",
      "name" : "TaskCode",
      "title" : "Task Codes",
      "description" : "Codes indicating the type of action that is expected to be performed",
      "oids" : ["2.16.840.1.113883.4.642.4.1397"],
      "uses" : {
      },
      "http://hl7.org/fhir/R4/valueset-task-code.html" : "Task Codes"
    },
    {
      "url" : "http://hl7.org/fhir/address-type",
      "version" : "4.0.1",
      "status" : "active",
      "name" : "AddressType",
      "title" : "AddressType",
      "description" : "The type of an address (physical / postal).",
      "oids" : ["2.16.840.1.113883.4.642.4.70"],
      "uses" : {
      },
      "http://hl7.org/fhir/R4/valueset-address-type.html" : "AddressType"
    },
    {
      "url" : "http://hl7.org/fhir/address-use",
      "version" : "4.0.1",
      "status" : "active",
      "name" : "AddressUse",
      "title" : "AddressUse",
      "description" : "The use of an address.",
      "oids" : ["2.16.840.1.113883.4.642.4.68"],
      "uses" : {
      },
      "http://hl7.org/fhir/R4/valueset-address-use.html" : "AddressUse"
    },
    {
      "url" : "http://hl7.org/fhir/administrative-gender",
      "version" : "4.0.1",
      "status" : "active",
      "name" : "AdministrativeGender",
      "title" : "AdministrativeGender",
      "description" : "The gender of a person used for administrative purposes.",
      "oids" : ["2.16.840.1.113883.4.642.4.2"],
      "uses" : {
      },
      "http://hl7.org/fhir/R4/valueset-administrative-gender.html" : "AdministrativeGender",
      "https://hl7.fr/ig/fhir/core/2.1.0/ValueSet-fr-core-vs-patient-gender-INS.html" : "FR Core ValueSet Patient gender INS ValueSet"
    },
    {
      "url" : "http://hl7.org/fhir/bundle-type",
      "version" : "4.0.1",
      "status" : "active",
      "name" : "BundleType",
      "title" : "BundleType",
      "description" : "Indicates the purpose of a bundle - how it is intended to be used.",
      "oids" : ["2.16.840.1.113883.4.642.4.621"],
      "uses" : {
      },
      "http://hl7.org/fhir/R4/valueset-bundle-type.html" : "BundleType"
    },
    {
      "url" : "http://hl7.org/fhir/care-plan-activity-status",
      "version" : "4.0.1",
      "status" : "draft",
      "name" : "CarePlanActivityStatus",
      "title" : "CarePlanActivityStatus",
      "description" : "Codes that reflect the current state of a care plan activity within its overall life cycle.",
      "oids" : ["2.16.840.1.113883.4.642.4.147"],
      "uses" : {
      },
      "http://hl7.org/fhir/R4/valueset-care-plan-activity-status.html" : "CarePlanActivityStatus"
    },
    {
      "url" : "http://hl7.org/fhir/composition-status",
      "version" : "4.0.1",
      "status" : "draft",
      "name" : "CompositionStatus",
      "title" : "CompositionStatus",
      "description" : "The workflow/clinical status of the composition.",
      "oids" : ["2.16.840.1.113883.4.642.4.242"],
      "uses" : {
      },
      "http://hl7.org/fhir/R4/valueset-composition-status.html" : "CompositionStatus"
    },
    {
      "url" : "http://hl7.org/fhir/consent-data-meaning",
      "version" : "4.0.1",
      "status" : "draft",
      "name" : "ConsentDataMeaning",
      "title" : "ConsentDataMeaning",
      "description" : "How a resource reference is interpreted when testing consent restrictions.",
      "oids" : ["2.16.840.1.113883.4.642.4.760"],
      "uses" : {
      },
      "http://hl7.org/fhir/R4/valueset-consent-data-meaning.html" : "ConsentDataMeaning"
    },
    {
      "url" : "http://hl7.org/fhir/consent-provision-type",
      "version" : "4.0.1",
      "status" : "draft",
      "name" : "ConsentProvisionType",
      "title" : "ConsentProvisionType",
      "description" : "How a rule statement is applied, such as adding additional consent or removing consent.",
      "oids" : ["2.16.840.1.113883.4.642.4.758"],
      "uses" : {
      },
      "http://hl7.org/fhir/R4/valueset-consent-provision-type.html" : "ConsentProvisionType"
    },
    {
      "url" : "http://hl7.org/fhir/consent-state-codes",
      "version" : "4.0.1",
      "status" : "draft",
      "name" : "ConsentState",
      "title" : "ConsentState",
      "description" : "Indicates the state of the consent.",
      "oids" : ["2.16.840.1.113883.4.642.4.756"],
      "uses" : {
      },
      "http://hl7.org/fhir/R4/valueset-consent-state-codes.html" : "ConsentState"
    },
    {
      "url" : "http://hl7.org/fhir/days-of-week",
      "version" : "4.0.1",
      "status" : "active",
      "name" : "DaysOfWeek",
      "title" : "DaysOfWeek",
      "description" : "The days of the week.",
      "oids" : ["2.16.840.1.113883.4.642.4.513"],
      "uses" : {
      },
      "http://hl7.org/fhir/R4/valueset-days-of-week.html" : "DaysOfWeek"
    },
    {
      "url" : "http://hl7.org/fhir/document-reference-status",
      "version" : "4.0.1",
      "status" : "draft",
      "name" : "DocumentReferenceStatus",
      "title" : "DocumentReferenceStatus",
      "description" : "The status of the document reference.",
      "oids" : ["2.16.840.1.113883.4.642.4.8"],
      "uses" : {
      },
      "http://hl7.org/fhir/R4/valueset-document-reference-status.html" : "DocumentReferenceStatus"
    },
    {
      "url" : "http://hl7.org/fhir/document-relationship-type",
      "version" : "4.0.1",
      "status" : "draft",
      "name" : "DocumentRelationshipType",
      "title" : "DocumentRelationshipType",
      "description" : "The type of relationship between documents.",
      "oids" : ["2.16.840.1.113883.4.642.4.245"],
      "uses" : {
      },
      "http://hl7.org/fhir/R4/valueset-document-relationship-type.html" : "DocumentRelationshipType"
    },
    {
      "url" : "http://hl7.org/fhir/encounter-location-status",
      "version" : "4.0.1",
      "status" : "draft",
      "name" : "EncounterLocationStatus",
      "title" : "EncounterLocationStatus",
      "description" : "The status of the location.",
      "oids" : ["2.16.840.1.113883.4.642.4.263"],
      "uses" : {
      },
      "http://hl7.org/fhir/R4/valueset-encounter-location-status.html" : "EncounterLocationStatus"
    },
    {
      "url" : "http://hl7.org/fhir/encounter-status",
      "version" : "4.0.1",
      "status" : "draft",
      "name" : "EncounterStatus",
      "title" : "EncounterStatus",
      "description" : "Current state of the encounter.",
      "oids" : ["2.16.840.1.113883.4.642.4.247"],
      "uses" : {
      },
      "http://hl7.org/fhir/R4/valueset-encounter-status.html" : "EncounterStatus"
    },
    {
      "url" : "http://hl7.org/fhir/goal-status",
      "version" : "4.0.1",
      "status" : "draft",
      "name" : "GoalLifecycleStatus",
      "title" : "GoalLifecycleStatus",
      "description" : "Codes that reflect the current state of a goal and whether the goal is still being targeted.",
      "oids" : ["2.16.840.1.113883.4.642.4.272"],
      "uses" : {
      },
      "http://hl7.org/fhir/R4/valueset-goal-status.html" : "GoalLifecycleStatus"
    },
    {
      "url" : "http://hl7.org/fhir/http-verb",
      "version" : "4.0.1",
      "status" : "active",
      "name" : "HTTPVerb",
      "title" : "HTTPVerb",
      "description" : "HTTP verbs (in the HTTP command line). See [HTTP rfc](https://tools.ietf.org/html/rfc7231) for details.",
      "oids" : ["2.16.840.1.113883.4.642.4.625"],
      "uses" : {
      },
      "http://hl7.org/fhir/R4/valueset-http-verb.html" : "HTTPVerb"
    },
    {
      "url" : "http://hl7.org/fhir/identifier-use",
      "version" : "4.0.1",
      "status" : "active",
      "name" : "IdentifierUse",
      "title" : "IdentifierUse",
      "description" : "Identifies the purpose for this identifier, if known .",
      "oids" : ["2.16.840.1.113883.4.642.4.58"],
      "uses" : {
      },
      "http://hl7.org/fhir/R4/valueset-identifier-use.html" : "IdentifierUse"
    },
    {
      "url" : "http://hl7.org/fhir/link-type",
      "version" : "4.0.1",
      "status" : "active",
      "name" : "LinkType",
      "title" : "LinkType",
      "description" : "The type of link between this patient resource and another patient resource.",
      "oids" : ["2.16.840.1.113883.4.642.4.424"],
      "uses" : {
      },
      "http://hl7.org/fhir/R4/valueset-link-type.html" : "LinkType"
    },
    {
      "url" : "http://hl7.org/fhir/name-use",
      "version" : "4.0.1",
      "status" : "active",
      "name" : "NameUse",
      "title" : "NameUse",
      "description" : "The use of a human name.",
      "oids" : ["2.16.840.1.113883.4.642.4.66"],
      "uses" : {
      },
      "http://hl7.org/fhir/R4/valueset-name-use.html" : "NameUse"
    },
    {
      "url" : "http://hl7.org/fhir/questionnaire-answers-status",
      "version" : "4.0.1",
      "status" : "draft",
      "name" : "QuestionnaireResponseStatus",
      "title" : "QuestionnaireResponseStatus",
      "description" : "Lifecycle status of the questionnaire response.",
      "oids" : ["2.16.840.1.113883.4.642.4.448"],
      "uses" : {
      },
      "http://hl7.org/fhir/R4/valueset-questionnaire-answers-status.html" : "QuestionnaireResponseStatus"
    },
    {
      "url" : "http://hl7.org/fhir/request-intent",
      "version" : "4.0.1",
      "status" : "draft",
      "name" : "RequestIntent",
      "title" : "RequestIntent",
      "description" : "Codes indicating the degree of authority/intentionality associated with a request.",
      "oids" : ["2.16.840.1.113883.4.642.4.114"],
      "uses" : {
      },
      "http://hl7.org/fhir/R4/valueset-request-intent.html" : "RequestIntent",
      "http://hl7.org/fhir/R4/valueset-care-plan-intent.html" : "Care Plan Intent",
      "http://hl7.org/fhir/R4/valueset-task-intent.html" : "TaskIntent"
    },
    {
      "url" : "http://hl7.org/fhir/request-priority",
      "version" : "4.0.1",
      "status" : "draft",
      "name" : "RequestPriority",
      "title" : "RequestPriority",
      "description" : "Identifies the level of importance to be assigned to actioning the request.",
      "oids" : ["2.16.840.1.113883.4.642.4.116"],
      "uses" : {
      },
      "http://hl7.org/fhir/R4/valueset-request-priority.html" : "Request priority"
    },
    {
      "url" : "http://hl7.org/fhir/request-status",
      "version" : "4.0.1",
      "status" : "draft",
      "name" : "RequestStatus",
      "title" : "RequestStatus",
      "description" : "Codes identifying the lifecycle stage of a request.",
      "oids" : ["2.16.840.1.113883.4.642.4.112"],
      "uses" : {
      },
      "http://hl7.org/fhir/R4/valueset-request-status.html" : "RequestStatus"
    },
    {
      "url" : "http://hl7.org/fhir/resource-types",
      "version" : "4.0.1",
      "status" : "active",
      "name" : "ResourceType",
      "title" : "ResourceType",
      "description" : "One of the resource types defined as part of this version of FHIR.",
      "uses" : {
      },
      "http://hl7.org/fhir/R4/valueset-resource-types.html" : "ResourceType",
      "http://hl7.org/fhir/R4/valueset-consent-content-class.html" : "Consent Content Class",
      "http://hl7.org/fhir/R4/valueset-care-plan-activity-kind.html" : "Care Plan Activity Kind"
    },
    {
      "url" : "http://hl7.org/fhir/search-entry-mode",
      "version" : "4.0.1",
      "status" : "active",
      "name" : "SearchEntryMode",
      "title" : "SearchEntryMode",
      "description" : "Why an entry is in the result set - whether it's included as a match or because of an _include requirement, or to convey information or warning information about the search process.",
      "oids" : ["2.16.840.1.113883.4.642.4.623"],
      "uses" : {
      },
      "http://hl7.org/fhir/R4/valueset-search-entry-mode.html" : "SearchEntryMode"
    },
    {
      "url" : "http://hl7.org/fhir/task-intent",
      "version" : "4.0.1",
      "status" : "draft",
      "name" : "TaskIntent",
      "title" : "TaskIntent",
      "description" : "Distinguishes whether the task is a proposal, plan or full order.",
      "oids" : ["2.16.840.1.113883.4.642.4.1241"],
      "uses" : {
      },
      "http://hl7.org/fhir/R4/valueset-task-intent.html" : "TaskIntent"
    },
    {
      "url" : "http://hl7.org/fhir/task-status",
      "version" : "4.0.1",
      "status" : "draft",
      "name" : "TaskStatus",
      "title" : "TaskStatus",
      "description" : "The current status of the task.",
      "oids" : ["2.16.840.1.113883.4.642.4.791"],
      "uses" : {
      },
      "http://hl7.org/fhir/R4/valueset-task-status.html" : "TaskStatus"
    },
    {
      "url" : "http://loinc.org",
      "version" : "3.1.0",
      "status" : "active",
      "name" : "LOINC",
      "title" : "Logical Observation Identifiers, Names and Codes (LOINC)",
      "description" : "LOINC provides a set of universal names and ID codes for identifying laboratory and clinical test results.1,2 LOINC facilitates the exchange and pooling of results, such as blood hemoglobin, serum potassium, or vital signs, for clinical care, outcomes management, and research. LOINC's universal identifiers (names and codes) can be used in the context of order and observation exchanges between information systems that use syntax standards such as HL73, CEN TC251, ISO TC215, ASTM4, and DICOM. Specifically, the identifier can be used as the coded value for an observation in any other standard that uses the observation/observation value paradigm, whether messages, documents, application programming interface (API), etc. For example, LOINC codes are used widely in the OBX segment Observation Identifier field (OBX-3) of an ORU HL7 (HL7 version 2.x or ASTM 1238-9410) message that may be sent between a Clinical Laboratory Information Management Systems (LIMS) and Electronic Health Record Systems (EHR).5, 6 In this way, LOINC codes provide universal identifiers that allow the exchange of clinical data between heterogeneous computing environments.",
      "oids" : ["2.16.840.1.113883.6.1"],
      "uses" : {
      },
      "https://interop.esante.gouv.fr/terminologies/1.4.0/ValueSet-JDV-J07-XdsTypeCode-CISIS.html" : "JDV_J07_XdsTypeCode_CISIS",
      "http://hl7.org/fhir/R4/valueset-consent-category.html" : "Consent Category Codes",
      "http://hl7.org/fhir/R4/valueset-consent-content-code.html" : "Consent Content Codes",
      "http://hl7.org/fhir/R4/valueset-observation-codes.html" : "LOINC Codes"
    },
    {
      "url" : "http://snomed.info/sct",
      "version" : "http://snomed.info/sct/900000000000207008/version/20251001",
      "status" : "active",
      "name" : "SNOMED_CT",
      "title" : "SNOMED CT core",
      "description" : "SNOMED CT is the most comprehensive and precise clinical health terminology product in the world, owned and distributed around the world by The International Health Terminology Standards Development Organisation (IHTSDO).",
      "oids" : ["2.16.840.1.113883.6.96"],
      "uses" : {
      },
      "http://hl7.org/fhir/R4/valueset-procedure-reason.html" : "Procedure Reason Codes",
      "http://hl7.org/fhir/R4/valueset-care-plan-activity-outcome.html" : "Care Plan Activity Outcome",
      "http://hl7.org/fhir/R4/valueset-questionnaire-answers.html" : "Questionnaire Answer Codes",
      "http://hl7.org/fhir/R4/valueset-body-site.html" : "SNOMED CT Body Structures",
      "http://hl7.org/fhir/R4/valueset-performer-role.html" : "Procedure Performer Role Codes",
      "http://hl7.org/fhir/R4/valueset-goal-start-event.html" : "Goal start event",
      "http://hl7.org/fhir/R4/valueset-procedure-code.html" : "Procedure Codes (SNOMED CT)",
      "http://hl7.org/fhir/R4/valueset-medication-as-needed-reason.html" : "SNOMED CT Medication As Needed Reason Codes",
      "http://hl7.org/fhir/R4/valueset-clinical-findings.html" : "SNOMED CT Clinical Findings",
      "http://hl7.org/fhir/R4/valueset-participant-role.html" : "Participant Roles",
      "http://hl7.org/fhir/R4/valueset-medication-codes.html" : "SNOMED CT Medication Codes",
      "https://interop.esante.gouv.fr/terminologies/1.4.0/ValueSet-jdv-ressource-utilisee-cisis.html" : "JDV Ressource Utilisee CISIS",
      "http://hl7.org/fhir/R4/valueset-encounter-reason.html" : "Encounter Reason Codes",
      "http://hl7.org/fhir/R4/valueset-servicerequest-orderdetail.html" : "Service Request Order Details Codes"
    },
    {
      "url" : "http://terminology.hl7.org/CodeSystem/admit-source",
      "version" : "1.0.1",
      "status" : "active",
      "name" : "AdmitSource",
      "title" : "Admit source",
      "description" : "This value set defines a set of codes that can be used to indicate from where the patient came in.",
      "oids" : ["2.16.840.1.113883.4.642.1.1092"],
      "uses" : {
      },
      "http://hl7.org/fhir/R4/valueset-encounter-admit-source.html" : "Admit source"
    },
    {
      "url" : "http://terminology.hl7.org/CodeSystem/common-tags",
      "version" : "1.0.1",
      "status" : "active",
      "name" : "CommonTags",
      "title" : "Common Tags",
      "description" : "Common Tag Codes defined by FHIR project",
      "oids" : ["2.16.840.1.113883.4.642.1.1067"],
      "uses" : {
      },
      "http://hl7.org/fhir/R4/valueset-common-tags.html" : "Common Tags"
    },
    {
      "url" : "http://terminology.hl7.org/CodeSystem/consentaction",
      "version" : "1.0.1",
      "status" : "active",
      "name" : "ConsentActionCodes",
      "title" : "Consent Action Codes",
      "description" : "This value set includes sample Consent Action codes.",
      "oids" : ["2.16.840.1.113883.4.642.1.1227"],
      "uses" : {
      },
      "http://hl7.org/fhir/R4/valueset-consent-action.html" : "Consent Action Codes"
    },
    {
      "url" : "http://terminology.hl7.org/CodeSystem/consentcategorycodes",
      "version" : "1.0.1",
      "status" : "active",
      "name" : "ConsentCategoryCodes",
      "title" : "Consent Category Codes",
      "description" : "This value set includes sample Consent Directive Type codes, including several consent directive related LOINC codes; HL7 VALUE SET: ActConsentType(2.16.840.1.113883.1.11.19897); examples of US realm consent directive legal descriptions and references to online and/or downloadable forms such as the SSA-827 Authorization to Disclose Information to the Social Security Administration; and other anticipated consent directives related to participation in a clinical trial, medical procedures, reproductive procedures; health care directive (Living Will); advance directive, do not resuscitate (DNR); Physician Orders for Life-Sustaining Treatment (POLST)",
      "oids" : ["2.16.840.1.113883.4.642.1.1226"],
      "uses" : {
      },
      "http://hl7.org/fhir/R4/valueset-consent-category.html" : "Consent Category Codes"
    },
    {
      "url" : "http://terminology.hl7.org/CodeSystem/consentpolicycodes",
      "version" : "3.0.1",
      "status" : "active",
      "name" : "ConsentPolicyRuleCodes",
      "title" : "Consent PolicyRule Codes",
      "description" : "This value set includes sample Regulatory consent policy types from the US and other regions.",
      "oids" : ["2.16.840.1.113883.4.642.1.1229"],
      "uses" : {
      },
      "http://hl7.org/fhir/R4/valueset-consent-policy.html" : "Consent PolicyRule Codes"
    },
    {
      "url" : "http://terminology.hl7.org/CodeSystem/consentscope",
      "version" : "2.0.1",
      "status" : "active",
      "name" : "ConsentScopeCodes",
      "title" : "Consent Scope Codes",
      "description" : "This value set includes the four Consent scope codes.",
      "oids" : ["2.16.840.1.113883.4.642.1.1228"],
      "uses" : {
      },
      "http://hl7.org/fhir/R4/valueset-consent-scope.html" : "Consent Scope Codes"
    },
    {
      "url" : "http://terminology.hl7.org/CodeSystem/contactentity-type",
      "version" : "1.0.0",
      "status" : "draft",
      "name" : "ContactEntityType",
      "title" : "Contact entity type",
      "description" : "This example value set defines a set of codes that can be used to indicate the purpose for which you would contact a contact party.",
      "oids" : ["2.16.840.1.113883.4.642.1.1129"],
      "uses" : {
      },
      "http://hl7.org/fhir/R4/valueset-contactentity-type.html" : "Contact entity type"
    },
    {
      "url" : "http://terminology.hl7.org/CodeSystem/contractsignertypecodes",
      "version" : "1.0.1",
      "status" : "active",
      "name" : "ContractSignerTypeCodes",
      "title" : "Contract Signer Type Codes",
      "description" : "This value set includes sample Contract Signer Type codes.",
      "oids" : ["2.16.840.1.113883.4.642.1.1201"],
      "uses" : {
      },
      "http://hl7.org/fhir/R4/valueset-security-role-type.html" : "SecurityRoleType"
    },
    {
      "url" : "http://terminology.hl7.org/CodeSystem/diagnosis-role",
      "version" : "1.1.1",
      "status" : "active",
      "name" : "DiagnosisRole",
      "title" : "Diagnosis Role",
      "description" : "This value set defines a set of codes that can be used to express the role of a diagnosis on the Encounter or EpisodeOfCare record.",
      "oids" : ["2.16.840.1.113883.4.642.1.1054"],
      "uses" : {
      },
      "http://hl7.org/fhir/R4/valueset-diagnosis-role.html" : "DiagnosisRole"
    },
    {
      "url" : "http://terminology.hl7.org/CodeSystem/diet",
      "version" : "1.0.1",
      "status" : "active",
      "name" : "Diet",
      "title" : "Diet",
      "description" : "This value set defines a set of codes that can be used to indicate dietary preferences or restrictions a patient may have.",
      "oids" : ["2.16.840.1.113883.4.642.1.1091"],
      "uses" : {
      },
      "http://hl7.org/fhir/R4/valueset-encounter-diet.html" : "Diet"
    },
    {
      "url" : "http://terminology.hl7.org/CodeSystem/discharge-disposition",
      "version" : "1.0.1",
      "status" : "active",
      "name" : "DischargeDisposition",
      "title" : "Discharge disposition",
      "description" : "This value set defines a set of codes that can be used to where the patient left the hospital.",
      "oids" : ["2.16.840.1.113883.4.642.1.1093"],
      "uses" : {
      },
      "https://hl7.fr/ig/fhir/core/2.1.0/ValueSet-fr-core-vs-encounter-discharge-disposition.html" : "FR Core ValueSet Encounter discharge disposition",
      "http://hl7.org/fhir/R4/valueset-encounter-discharge-disposition.html" : "Discharge disposition"
    },
    {
      "url" : "http://terminology.hl7.org/CodeSystem/encounter-special-arrangements",
      "version" : "1.0.1",
      "status" : "active",
      "name" : "SpecialArrangements",
      "title" : "Special arrangements",
      "description" : "This value set defines a set of codes that can be used to indicate the kinds of special arrangements in place for a patients visit.",
      "oids" : ["2.16.840.1.113883.4.642.1.1090"],
      "uses" : {
      },
      "http://hl7.org/fhir/R4/valueset-encounter-special-arrangements.html" : "Special arrangements"
    },
    {
      "url" : "http://terminology.hl7.org/CodeSystem/encounter-type",
      "version" : "1.0.1",
      "status" : "active",
      "name" : "EncounterType",
      "title" : "Encounter type",
      "description" : "This example value set defines a set of codes that can be used to indicate the type of encounter: a specific code indicating type of service provided.",
      "oids" : ["2.16.840.1.113883.4.642.1.1088"],
      "uses" : {
      },
      "http://hl7.org/fhir/R4/valueset-encounter-type.html" : "Encounter type"
    },
    {
      "url" : "http://terminology.hl7.org/CodeSystem/extra-security-role-type",
      "version" : "1.0.1",
      "status" : "active",
      "name" : "SecurityRoleType",
      "title" : "Security Role Type",
      "description" : "This CodeSystem contains Additional FHIR-defined Security Role types not defined elsewhere",
      "uses" : {
      },
      "http://hl7.org/fhir/R4/valueset-security-role-type.html" : "SecurityRoleType"
    },
    {
      "url" : "http://terminology.hl7.org/CodeSystem/goal-achievement",
      "version" : "1.0.1",
      "status" : "active",
      "name" : "GoalAchievementStatus",
      "title" : "Goal achievement status",
      "description" : "Describes the progression, or lack thereof, towards the goal against the target.",
      "oids" : ["2.16.840.1.113883.4.642.1.1375"],
      "uses" : {
      },
      "http://hl7.org/fhir/R4/valueset-goal-achievement.html" : "Goal achievement status"
    },
    {
      "url" : "http://terminology.hl7.org/CodeSystem/goal-category",
      "version" : "2.0.0",
      "status" : "active",
      "name" : "GoalCategory",
      "title" : "Goal category",
      "description" : "Codes for grouping goals to use for filtering or presentation.",
      "oids" : ["2.16.840.1.113883.4.642.1.1097"],
      "uses" : {
      },
      "http://hl7.org/fhir/R4/valueset-goal-category.html" : "Goal category"
    },
    {
      "url" : "http://terminology.hl7.org/CodeSystem/goal-priority",
      "version" : "1.0.1",
      "status" : "active",
      "name" : "GoalPriority",
      "title" : "Goal priority",
      "description" : "Indicates the level of importance associated with reaching or sustaining a goal.",
      "oids" : ["2.16.840.1.113883.4.642.1.1096"],
      "uses" : {
      },
      "http://hl7.org/fhir/R4/valueset-goal-priority.html" : "Goal priority"
    },
    {
      "url" : "http://terminology.hl7.org/CodeSystem/location-physical-type",
      "version" : "2.0.1",
      "status" : "active",
      "name" : "LocationType",
      "title" : "Location type",
      "description" : "This example value set defines a set of codes that can be used to indicate the physical form of the Location.\r\rThis includes several 'non physical' codes which are still considered a location.",
      "oids" : ["2.16.840.1.113883.4.642.1.1108"],
      "uses" : {
      },
      "http://hl7.org/fhir/R4/valueset-location-physical-type.html" : "Location type"
    },
    {
      "url" : "http://terminology.hl7.org/CodeSystem/organization-type",
      "version" : "2.0.1",
      "status" : "active",
      "name" : "OrganizationType",
      "title" : "Organization type",
      "description" : "This example value set defines a set of codes that can be used to indicate a type of organization.",
      "oids" : ["2.16.840.1.113883.4.642.1.1128"],
      "uses" : {
      },
      "http://hl7.org/fhir/R4/valueset-organization-type.html" : "Organization type"
    },
    {
      "url" : "http://terminology.hl7.org/CodeSystem/participant-type",
      "version" : "1.0.1",
      "status" : "active",
      "name" : "ParticipantType",
      "title" : "Participant type",
      "description" : "This value set defines a set of codes that can be used to indicate how an individual participates in an encounter.",
      "oids" : ["2.16.840.1.113883.4.642.1.1089"],
      "uses" : {
      },
      "http://hl7.org/fhir/R4/valueset-encounter-participant-type.html" : "Participant type"
    },
    {
      "url" : "http://terminology.hl7.org/CodeSystem/service-type",
      "version" : "1.1.1",
      "status" : "active",
      "name" : "ServiceType",
      "title" : "Service type",
      "description" : "This value set defines an example set of codes of service-types.",
      "oids" : ["2.16.840.1.113883.4.642.1.1145"],
      "uses" : {
      },
      "http://hl7.org/fhir/R4/valueset-service-type.html" : "Service type"
    },
    {
      "url" : "http://terminology.hl7.org/CodeSystem/v2-0007",
      "version" : "2.2.0",
      "status" : "active",
      "name" : "AdmissionType",
      "title" : "admissionType",
      "description" : "Code system of concepts specifying the circumstances under which the patient was or will be admitted.  Used in HL7 Version 2.x messaging in the PV1 segment.",
      "oids" : ["2.16.840.1.113883.18.9"],
      "uses" : {
      },
      "https://hl7.fr/ig/fhir/core/2.1.0/ValueSet-fr-core-vs-encounter-type.html" : "FR Core ValueSet Encounter type"
    },
    {
      "url" : "http://terminology.hl7.org/CodeSystem/v2-0092",
      "version" : "2.1.0",
      "status" : "active",
      "name" : "ReAdmissionIndicator",
      "title" : "re-admissionIndicator",
      "description" : "Code system of concepts which are used to specify that a patient is being re admitted to a healthcare facilityin from which they were discharged, and indicates the circumstances around such re-admission.  Used in HL7 Version 2.x messagine in the PV1 segment.",
      "oids" : ["2.16.840.1.113883.18.36"],
      "uses" : {
      },
      "http://terminology.hl7.org/7.0.0/ValueSet-v2-0092.html" : "hl7VS-re-admissionIndicator"
    },
    {
      "url" : "http://terminology.hl7.org/CodeSystem/v2-0131",
      "version" : "2.1.0",
      "status" : "active",
      "name" : "ContactRole2",
      "title" : "contactRole2",
      "description" : "Code system of concepts which specify a relationship role that the next of kin/associated parties plays with regard to the patient. Also used in referrals, for example, it may be necessary to identify the contact representative at the clinic that sent a referral. Used in HL7 Version 2 messaging in the NK1 and CTD segments after 2.5, when it replace 2.16.840.1.113883.18.57.",
      "oids" : ["2.16.840.1.113883.18.58"],
      "uses" : {
      },
      "http://hl7.org/fhir/R4/valueset-patient-contactrelationship.html" : "Patient Contact Relationship ",
      "https://hl7.fr/ig/fhir/core/2.1.0/ValueSet-fr-core-vs-patient-contact-role.html" : "FR Core ValueSet Patient contact role"
    },
    {
      "url" : "http://terminology.hl7.org/CodeSystem/v2-0203",
      "version" : "5.0.0",
      "status" : "active",
      "name" : "IdentifierType",
      "title" : "identifierType",
      "description" : "HL7-defined code system of concepts specifying type of identifier. Used in HL7 Version 2.x messaging data types CX, PLN, PPN, XCN and XON.",
      "oids" : ["2.16.840.1.113883.18.108"],
      "uses" : {
      },
      "http://hl7.org/fhir/R4/valueset-identifier-type.html" : "IdentifierType"
    },
    {
      "url" : "http://terminology.hl7.org/CodeSystem/v3-ActCode",
      "version" : "9.0.0",
      "status" : "active",
      "name" : "ActCode",
      "title" : "ActCode",
      "description" : "A code specifying the particular kind of Act that the Act-instance represents within its class.\r\n\r\n*Constraints:* The kind of Act (e.g. physical examination, serum potassium, inpatient encounter, charge financial transaction, etc.) is specified with a code from one of several, typically external, coding systems. The coding system will depend on the class of Act, such as LOINC for observations, etc.\r\n\r\nConceptually, the Act.code must be a specialization of the Act.classCode. This is why the structure of ActClass domain should be reflected in the superstructure of the ActCode domain and then individual codes or externally referenced vocabularies subordinated under these domains that reflect the ActClass structure.\r\n\r\nAct.classCode and Act.code are not modifiers of each other but the Act.code concept should really imply the Act.classCode concept. For a negative example, it is not appropriate to use an Act.code \"potassium\" together with and Act.classCode for \"laboratory observation\" to somehow mean \"potassium laboratory observation\" and then use the same Act.code for \"potassium\" together with Act.classCode for \"medication\" to mean \"substitution of potassium\". This mutually modifying use of Act.code and Act.classCode is not permitted.",
      "oids" : ["2.16.840.1.113883.5.4"],
      "uses" : {
      },
      "http://terminology.hl7.org/7.0.0/ValueSet-v3-ActCode.html" : "v3 Code System ActCode",
      "http://terminology.hl7.org/7.0.0/ValueSet-v3-ActEncounterCode.html" : "ActEncounterCode"
    },
    {
      "url" : "http://terminology.hl7.org/CodeSystem/v3-ActPriority",
      "version" : "3.0.0",
      "status" : "active",
      "name" : "ActPriority",
      "title" : "ActPriority",
      "description" : "A set of codes (e.g., for routine, emergency), specifying the urgency under which the Act happened, can happen, is happening, is intended to happen, or is requested/demanded to happen.",
      "oids" : ["2.16.840.1.113883.5.7"],
      "uses" : {
      },
      "http://terminology.hl7.org/7.0.0/ValueSet-v3-ActPriority.html" : "ActPriority"
    },
    {
      "url" : "http://terminology.hl7.org/CodeSystem/v3-ActReason",
      "version" : "3.1.0",
      "status" : "active",
      "name" : "ActReason",
      "title" : "ActReason",
      "description" : "A set of codes specifying the motivation, cause, or rationale of an Act, when such rationale is not reasonably represented as an ActRelationship of type \"has reason\" linking to another Act.\r\n\r\n*Examples:* Example reasons that might qualify for being coded in this field might be: \"routine requirement\", \"infectious disease reporting requirement\", \"on patient request\", \"required by law\".",
      "oids" : ["2.16.840.1.113883.5.8"],
      "uses" : {
      },
      "http://terminology.hl7.org/7.0.0/ValueSet-v3-PurposeOfUse.html" : "PurposeOfUse"
    },
    {
      "url" : "http://terminology.hl7.org/CodeSystem/v3-EncounterSpecialCourtesy",
      "version" : "3.0.0",
      "status" : "active",
      "name" : "EncounterSpecialCourtesy",
      "title" : "EncounterSpecialCourtesy",
      "description" : "**** MISSING DESCRIPTION ****",
      "oids" : ["2.16.840.1.113883.5.40"],
      "uses" : {
      },
      "http://hl7.org/fhir/R4/valueset-encounter-special-courtesy.html" : "Special courtesy"
    },
    {
      "url" : "http://terminology.hl7.org/CodeSystem/v3-MaritalStatus",
      "version" : "3.0.0",
      "status" : "active",
      "name" : "MaritalStatus",
      "title" : "MaritalStatus",
      "description" : "\\* \\* \\* No description supplied \\* \\* \\*\r\n\r\n*Open Issue:* The specific meanings of these codes can vary somewhat by jurisdiction and implementation so caution should be used when determining equivalency.\r\n\r\n*Open Issue:* fixing and completion of the hierarchy and proper good definitions of all the concepts is badly needed.",
      "oids" : ["2.16.840.1.113883.5.2"],
      "uses" : {
      },
      "https://hl7.fr/ig/fhir/core/2.1.0/ValueSet-fr-core-vs-marital-status.html" : "FR Core ValueSet Patient gender INS ValueSet"
    },
    {
      "url" : "http://terminology.hl7.org/CodeSystem/v3-NullFlavor",
      "version" : "3.0.0",
      "status" : "active",
      "name" : "NullFlavor",
      "title" : "NullFlavor",
      "description" : "A collection of codes specifying why a valid value is not present.",
      "oids" : ["2.16.840.1.113883.5.1008"],
      "uses" : {
      },
      "http://hl7.org/fhir/R4/valueset-encounter-special-courtesy.html" : "Special courtesy",
      "https://hl7.fr/ig/fhir/core/2.1.0/ValueSet-fr-core-vs-marital-status.html" : "FR Core ValueSet Patient gender INS ValueSet"
    },
    {
      "url" : "http://terminology.hl7.org/CodeSystem/v3-ParticipationFunction",
      "version" : "3.0.0",
      "status" : "active",
      "name" : "ParticipationFunction",
      "title" : "ParticipationFunction",
      "description" : "This code is used to specify the exact function an actor had in a service in all necessary detail. This domain may include local extensions (CWE).",
      "oids" : ["2.16.840.1.113883.5.88"],
      "uses" : {
      },
      "http://hl7.org/fhir/R4/valueset-security-role-type.html" : "SecurityRoleType"
    },
    {
      "url" : "http://terminology.hl7.org/CodeSystem/v3-ParticipationType",
      "version" : "5.0.0",
      "status" : "active",
      "name" : "ParticipationType",
      "title" : "ParticipationType",
      "description" : "A code specifying the meaning and purpose of every Participation instance. Each of its values implies specific constraints on the Roles undertaking the participation.",
      "oids" : ["2.16.840.1.113883.5.90"],
      "uses" : {
      },
      "http://hl7.org/fhir/R4/valueset-encounter-participant-type.html" : "Participant type",
      "http://hl7.org/fhir/R4/valueset-security-role-type.html" : "SecurityRoleType"
    },
    {
      "url" : "http://terminology.hl7.org/CodeSystem/v3-RoleClass",
      "version" : "4.0.0",
      "status" : "active",
      "name" : "RoleClass",
      "title" : "RoleClass",
      "description" : "Codes for the Role class hierarchy. The values in this hierarchy, represent a Role which is an association or relationship between two entities - the entity that plays the role and the entity that scopes the role. Roles names are derived from the name of the playing entity in that role.\r\n\r\nThe role hierarchy stems from three core concepts, or abstract domains:\r\n\r\n *  **RoleClassOntological** is an abstract domain that collects roles in which the playing entity is defined or specified by the scoping entity.\r\n *  **RoleClassPartitive** collects roles in which the playing entity is in some sense a \"part\" of the scoping entity.\r\n *  **RoleClassAssociative** collects all of the remaining forms of association between the playing entity and the scoping entity. This set of roles is further partitioned between:\r\n    \r\n     *  **RoleClassPassive** which are roles in which the playing entity is used, known, treated, handled, built, or destroyed, etc. under the auspices of the scoping entity. The playing entity is passive in these roles in that the role exists without an agreement from the playing entity.\r\n     *  **RoleClassMutualRelationship** which are relationships based on mutual behavior of the two entities. The basis of these relationship may be formal agreements or they may be *de facto* behavior. Thus, this sub-domain is further divided into:\r\n        \r\n         *  **RoleClassRelationshipFormal** in which the relationship is formally defined, frequently by a contract or agreement.\r\n         *  **Personal relationship** which inks two people in a personal relationship.\r\n\r\nThe hierarchy discussed above is represented In the current vocabulary tables as a set of abstract domains, with the exception of the \"Personal relationship\" which is a leaf concept.\r\n\r\n*OpenIssue:* Description copied from Concept Domain of same name. Must be verified.",
      "oids" : ["2.16.840.1.113883.5.110"],
      "uses" : {
      },
      "http://hl7.org/fhir/R4/valueset-security-role-type.html" : "SecurityRoleType"
    },
    {
      "url" : "http://terminology.hl7.org/CodeSystem/v3-RoleCode",
      "version" : "3.0.0",
      "status" : "active",
      "name" : "RoleCode",
      "title" : "RoleCode",
      "description" : "A set of codes further specifying the kind of Role; specific classification codes for further qualifying RoleClass codes.",
      "oids" : ["2.16.840.1.113883.5.111"],
      "uses" : {
      },
      "http://terminology.hl7.org/7.0.0/ValueSet-v3-ServiceDeliveryLocationRoleType.html" : "ServiceDeliveryLocationRoleType",
      "http://hl7.org/fhir/R4/valueset-security-role-type.html" : "SecurityRoleType"
    },
    {
      "url" : "https://hl7.fr/ig/fhir/core/CodeSystem/fr-core-cs-circonstances-sortie",
      "version" : "2.1.0",
      "status" : "draft",
      "name" : "FRCoreCodeSystemCirconstancesSortie",
      "title" : "FR Core CodeSystem Circonstances Sortie",
      "description" : "Discharge Disposition",
      "uses" : {
      },
      "https://hl7.fr/ig/fhir/core/2.1.0/ValueSet-fr-core-vs-encounter-discharge-disposition.html" : "FR Core ValueSet Encounter discharge disposition"
    },
    {
      "url" : "https://hl7.fr/ig/fhir/core/CodeSystem/fr-core-cs-identifier-type",
      "version" : "2.1.0",
      "status" : "draft",
      "name" : "FRCoreCodeSystemIdentifierType",
      "title" : "FR Core CodeSystem Identifier Type",
      "description" : "Identifier type",
      "uses" : {
      },
      "https://hl7.fr/ig/fhir/core/2.1.0/ValueSet-fr-core-vs-encounter-identifier-type.html" : "FR Core ValueSet Encounter identifier type"
    },
    {
      "url" : "https://hl7.fr/ig/fhir/core/CodeSystem/fr-core-cs-location-physical-type",
      "version" : "2.1.0",
      "status" : "draft",
      "name" : "FRCoreCodeSystemLocationPhysicalType",
      "title" : "FR Core CodeSystem Location Physical Type",
      "description" : "Location physical type",
      "uses" : {
      },
      "https://hl7.fr/ig/fhir/core/2.1.0/ValueSet-fr-core-vs-location-physical-type.html" : "FR Core ValueSet Location physical type"
    },
    {
      "url" : "https://hl7.fr/ig/fhir/core/CodeSystem/fr-core-cs-marital-status",
      "version" : "2.1.0",
      "status" : "draft",
      "name" : "FRCoreCodeSystemMaritalStatus",
      "title" : "FR Core CodeSystem Marital Status",
      "description" : "Identifier type",
      "uses" : {
      },
      "https://hl7.fr/ig/fhir/core/2.1.0/ValueSet-fr-core-vs-marital-status.html" : "FR Core ValueSet Patient gender INS ValueSet"
    },
    {
      "url" : "https://hl7.fr/ig/fhir/core/CodeSystem/fr-core-cs-type-admission",
      "version" : "2.1.0",
      "status" : "draft",
      "name" : "FRCoreCodeSystemTypeAdmission",
      "title" : "FR Core CodeSystem Type Admission",
      "description" : "Admission type",
      "uses" : {
      },
      "https://hl7.fr/ig/fhir/core/2.1.0/ValueSet-fr-core-vs-encounter-type.html" : "FR Core ValueSet Encounter type"
    },
    {
      "url" : "https://hl7.fr/ig/fhir/core/CodeSystem/fr-core-cs-v2-3307",
      "version" : "2.1.0",
      "status" : "draft",
      "name" : "FRCoreCodeSystemv2_3307",
      "title" : "FR Core CodeSystem v2-3307",
      "description" : "HL7 v2 - Table 3307",
      "uses" : {
      },
      "https://hl7.fr/ig/fhir/core/2.1.0/ValueSet-fr-core-vs-organization-type.html" : "FR Core ValueSet Organization type"
    },
    {
      "url" : "https://interop.esante.gouv.fr/ig/fhir/tddui/CodeSystem/tddui-discriminator-cs",
      "version" : "2.1.0-ballot",
      "status" : "active",
      "name" : "TDDUIDiscriminatorCS",
      "title" : "TDDUI Discriminator CodeSystem",
      "description" : "CodeSystem définissant les codes discriminants.",
      "uses" : {
      },
      "ValueSet-tddui-discriminator-vs.html" : "TDDUI Discriminator ValueSet"
    },
    {
      "url" : "https://mos.esante.gouv.fr/NOS/TRE_A00-ProducteurDocNonPS/FHIR/TRE-A00-ProducteurDocNonPS",
      "version" : "20240329120000",
      "status" : "active",
      "name" : "TRE_A00_ProducteurDocNonPS",
      "title" : null,
      "description" : "Producteur de document non PS",
      "oids" : ["1.2.250.1.213.1.1.4.6"],
      "uses" : {
      },
      "https://interop.esante.gouv.fr/terminologies/1.4.0/ValueSet-JDV-J01-XdsAuthorSpecialty-CISIS.html" : "JDV_J01_XdsAuthorSpecialty_CISIS",
      "https://interop.esante.gouv.fr/terminologies/1.4.0/ValueSet-JDV-J04-XdsPracticeSettingCode-CISIS.html" : "JDV_J04_XdsPracticeSettingCode_CISIS",
      "https://interop.esante.gouv.fr/terminologies/1.4.0/ValueSet-JDV-J02-XdsHealthcareFacilityTypeCode-CISIS.html" : "JDV_J02_XdsHealthcareFacilityTypeCode_CISIS"
    },
    {
      "url" : "https://mos.esante.gouv.fr/NOS/TRE_A01-CadreExercice/FHIR/TRE-A01-CadreExercice",
      "version" : "20240927120000",
      "status" : "active",
      "name" : "TRE_A01_CadreExercice",
      "title" : null,
      "description" : "Cadre d'exercice",
      "oids" : ["1.2.250.1.213.1.1.4.9"],
      "uses" : {
      },
      "https://interop.esante.gouv.fr/terminologies/1.4.0/ValueSet-JDV-J04-XdsPracticeSettingCode-CISIS.html" : "JDV_J04_XdsPracticeSettingCode_CISIS"
    },
    {
      "url" : "https://mos.esante.gouv.fr/NOS/TRE_A02-ProfessionSavFaire-CISIS/FHIR/TRE-A02-ProfessionSavFaire-CISIS",
      "version" : "20241213120000",
      "status" : "active",
      "name" : "TRE_A02_ProfessionSavFaire_CISIS",
      "title" : null,
      "description" : "Profession et savoir-faire CI-SIS",
      "oids" : ["1.2.250.1.213.1.1.4.5"],
      "uses" : {
      },
      "https://interop.esante.gouv.fr/terminologies/1.4.0/ValueSet-JDV-J01-XdsAuthorSpecialty-CISIS.html" : "JDV_J01_XdsAuthorSpecialty_CISIS"
    },
    {
      "url" : "https://mos.esante.gouv.fr/NOS/TRE_A03-ClasseDocument/FHIR/TRE-A03-ClasseDocument",
      "version" : "20231215120000",
      "status" : "active",
      "name" : "TRE_A03_ClasseDocument",
      "title" : null,
      "description" : "Classe de document",
      "oids" : ["1.2.250.1.213.1.1.4.1"],
      "uses" : {
      },
      "https://interop.esante.gouv.fr/terminologies/1.4.0/ValueSet-JDV-J06-XdsClassCode-CISIS.html" : "JDV_J06_XdsClassCode_CISIS"
    },
    {
      "url" : "https://mos.esante.gouv.fr/NOS/TRE_A05-TypeDocComplementaire/FHIR/TRE-A05-TypeDocComplementaire",
      "version" : "20240329120000",
      "status" : "active",
      "name" : "TRE_A05_TypeDocComplementaire",
      "title" : null,
      "description" : "Type de document en complément des nomenclatures internationales",
      "oids" : ["1.2.250.1.213.1.1.4.12"],
      "uses" : {
      },
      "https://interop.esante.gouv.fr/terminologies/1.4.0/ValueSet-JDV-J07-XdsTypeCode-CISIS.html" : "JDV_J07_XdsTypeCode_CISIS"
    },
    {
      "url" : "https://mos.esante.gouv.fr/NOS/TRE_A06-FormatCodeComplementaire/FHIR/TRE-A06-FormatCodeComplementaire",
      "version" : "20251029120000",
      "status" : "active",
      "name" : "TRE_A06_FormatCodeComplementaire",
      "title" : null,
      "description" : "formatCode en complément des nomenclatures internationales",
      "oids" : ["1.2.250.1.213.1.1.4.2.282"],
      "uses" : {
      },
      "https://interop.esante.gouv.fr/terminologies/1.4.0/ValueSet-JDV-J10-XdsFormatCode-CISIS.html" : "JDV_J10_XdsFormatCode_CISIS"
    },
    {
      "url" : "https://mos.esante.gouv.fr/NOS/TRE_A09-DICOMuidRegistry/FHIR/TRE-A09-DICOMuidRegistry",
      "version" : "20231215120000",
      "status" : "active",
      "name" : "TRE_A09_DICOMuidRegistry",
      "title" : null,
      "description" : "DICOM UID Registry",
      "oids" : ["1.2.840.10008.2.6.1"],
      "uses" : {
      },
      "https://interop.esante.gouv.fr/terminologies/1.4.0/ValueSet-JDV-J10-XdsFormatCode-CISIS.html" : "JDV_J10_XdsFormatCode_CISIS"
    },
    {
      "url" : "https://mos.esante.gouv.fr/NOS/TRE_A10-NomenclatureURN/FHIR/TRE-A10-NomenclatureURN",
      "version" : "20231215120000",
      "status" : "active",
      "name" : "TRE_A10_NomenclatureURN",
      "title" : null,
      "description" : "Nomenclature identifiée par URN",
      "oids" : ["URN"],
      "uses" : {
      },
      "https://interop.esante.gouv.fr/terminologies/1.4.0/ValueSet-JDV-J06-XdsClassCode-CISIS.html" : "JDV_J06_XdsClassCode_CISIS",
      "https://interop.esante.gouv.fr/terminologies/1.4.0/ValueSet-JDV-J10-XdsFormatCode-CISIS.html" : "JDV_J10_XdsFormatCode_CISIS"
    },
    {
      "url" : "https://mos.esante.gouv.fr/NOS/TRE_A11-IheFormatCode/FHIR/TRE-A11-IheFormatCode",
      "version" : "20240426120000",
      "status" : "active",
      "name" : "TRE_A11_IheFormatCode",
      "title" : null,
      "description" : "IHE formatCode",
      "oids" : ["1.3.6.1.4.1.19376.1.2.3"],
      "uses" : {
      },
      "https://interop.esante.gouv.fr/terminologies/1.4.0/ValueSet-JDV-J10-XdsFormatCode-CISIS.html" : "JDV_J10_XdsFormatCode_CISIS"
    },
    {
      "url" : "https://mos.esante.gouv.fr/NOS/TRE_A12-NomenclatureASTM/FHIR/TRE-A12-NomenclatureASTM",
      "version" : "20231215120000",
      "status" : "active",
      "name" : "TRE_A12_NomenclatureASTM",
      "title" : null,
      "description" : "Nomenclature identifiée par ASTM",
      "oids" : ["ASTM"],
      "uses" : {
      },
      "https://interop.esante.gouv.fr/terminologies/1.4.0/ValueSet-JDV-J07-XdsTypeCode-CISIS.html" : "JDV_J07_XdsTypeCode_CISIS"
    },
    {
      "url" : "https://mos.esante.gouv.fr/NOS/TRE_G05-SousSectionTableauCNOP/FHIR/TRE-G05-SousSectionTableauCNOP",
      "version" : "20231215120000",
      "status" : "active",
      "name" : "TRE_G05_SousSectionTableauCNOP",
      "title" : null,
      "description" : "Sous-Section du tableau de l'Ordre des Pharmaciens",
      "oids" : ["1.2.250.1.71.4.2.6"],
      "uses" : {
      },
      "https://hl7.fr/ig/fhir/core/2.1.0/ValueSet-fr-core-vs-practitioner-role-exercice.html" : "FR Core ValueSet PractitionerRole Exercice"
    },
    {
      "url" : "https://mos.esante.gouv.fr/NOS/TRE_G13-OrientationParticuliere/FHIR/TRE-G13-OrientationParticuliere",
      "version" : "20231215120000",
      "status" : "active",
      "name" : "TRE_G13_OrientationParticuliere",
      "title" : null,
      "description" : "Orientation particulière",
      "oids" : ["1.2.250.1.213.2.31"],
      "uses" : {
      },
      "https://interop.esante.gouv.fr/terminologies/1.4.0/ValueSet-JDV-J107-EnsembleSavoirFaire-RASS.html" : "JDV_J107_EnsembleSavoirFaire_RASS"
    },
    {
      "url" : "https://mos.esante.gouv.fr/NOS/TRE_G15-ProfessionSante/FHIR/TRE-G15-ProfessionSante",
      "version" : "20250328120000",
      "status" : "active",
      "name" : "TRE_G15_ProfessionSante",
      "title" : null,
      "description" : "Professions de santé définies par le code de la santé publique : professions médicales (art. L4111-1 à L4163-10), de la pharmacie et de la physique médicale (art. 4211-1 à 4252-3) et d’auxiliaires médicaux (art. 4311-1 à 4394-3)",
      "oids" : ["1.2.250.1.71.1.2.7"],
      "uses" : {
      },
      "https://interop.esante.gouv.fr/terminologies/1.4.0/ValueSet-JDV-J106-EnsembleProfession-RASS.html" : "JDV_J106_EnsembleProfession_RASS"
    },
    {
      "url" : "https://mos.esante.gouv.fr/NOS/TRE_R02-SecteurActivite/FHIR/TRE-R02-SecteurActivite",
      "version" : "20250523120000",
      "status" : "active",
      "name" : "TRE_R02_SecteurActivite",
      "title" : null,
      "description" : "Le secteur d'activité de santé est une donnée RPPS et correspond au type de service fourni par une structure. Il sert principalement à déterminer les propriétés de facturation des professionnels de ces structures vis-à-vis de l'assurance maladie",
      "oids" : ["1.2.250.1.71.4.2.4"],
      "uses" : {
      },
      "https://interop.esante.gouv.fr/terminologies/1.4.0/ValueSet-JDV-J101-SecteurActivite-RASS.html" : "JDV_J101_SecteurActivite_RASS",
      "https://interop.esante.gouv.fr/terminologies/1.4.0/ValueSet-JDV-J02-XdsHealthcareFacilityTypeCode-CISIS.html" : "JDV_J02_XdsHealthcareFacilityTypeCode_CISIS"
    },
    {
      "url" : "https://mos.esante.gouv.fr/NOS/TRE_R04-TypeSavoirFaire/FHIR/TRE-R04-TypeSavoirFaire",
      "version" : "20251016120000",
      "status" : "active",
      "name" : "TRE_R04_TypeSavoirFaire",
      "title" : null,
      "description" : "Type de savoir-faire",
      "oids" : ["1.2.250.1.213.1.6.1.16"],
      "uses" : {
      },
      "https://interop.esante.gouv.fr/terminologies/1.4.0/ValueSet-JDV-J91-TypeSavoirFaire-RASS.html" : "JDV_J91_TypeSavoirFaire_RASS"
    },
    {
      "url" : "https://mos.esante.gouv.fr/NOS/TRE_R06-SectionTableauCNOP/FHIR/TRE-R06-SectionTableauCNOP",
      "version" : "20231215120000",
      "status" : "active",
      "name" : "TRE_R06_SectionTableauCNOP",
      "title" : null,
      "description" : "Section du tableau de l'Ordre des Pharmaciens",
      "oids" : ["1.2.250.1.213.2.37"],
      "uses" : {
      },
      "https://hl7.fr/ig/fhir/core/2.1.0/ValueSet-fr-core-vs-practitioner-role-exercice.html" : "FR Core ValueSet PractitionerRole Exercice"
    },
    {
      "url" : "https://mos.esante.gouv.fr/NOS/TRE_R09-CategorieProfessionnelle/FHIR/TRE-R09-CategorieProfessionnelle",
      "version" : "20240426120000",
      "status" : "active",
      "name" : "TRE_R09_CategorieProfessionnelle",
      "title" : null,
      "description" : "Catégorie professionnelle",
      "oids" : ["1.2.250.1.213.1.6.1.10"],
      "uses" : {
      },
      "https://interop.esante.gouv.fr/terminologies/1.4.0/ValueSet-JDV-J89-CategorieProfessionnelle-RASS.html" : "JDV_J89_CategorieProfessionnelle_RASS"
    },
    {
      "url" : "https://mos.esante.gouv.fr/NOS/TRE_R11-CiviliteExercice/FHIR/TRE-R11-CiviliteExercice",
      "version" : "20231215120000",
      "status" : "active",
      "name" : "TRE_R11_CiviliteExercice",
      "title" : null,
      "description" : "Civilité d'exercice",
      "oids" : ["1.2.250.1.213.1.6.1.11"],
      "uses" : {
      },
      "https://interop.esante.gouv.fr/terminologies/1.4.0/ValueSet-JDV-J79-CiviliteExercice-RASS.html" : "JDV_J79_CiviliteExercice_RASS"
    },
    {
      "url" : "https://mos.esante.gouv.fr/NOS/TRE_R14-TypeDiplome/FHIR/TRE-R14-TypeDiplome",
      "version" : "20240329120000",
      "status" : "active",
      "name" : "TRE_R14_TypeDiplome",
      "title" : null,
      "description" : "Type de diplôme",
      "oids" : ["1.2.250.1.213.1.6.1.36"],
      "uses" : {
      },
      "https://interop.esante.gouv.fr/terminologies/1.4.0/ValueSet-JDV-J81-TypeDiplome-RASS.html" : "JDV_J81_TypeDiplome_RASS"
    },
    {
      "url" : "https://mos.esante.gouv.fr/NOS/TRE_R21-Fonction/FHIR/TRE-R21-Fonction",
      "version" : "20251023120000",
      "status" : "active",
      "name" : "TRE_R21_Fonction",
      "title" : null,
      "description" : "Fonction",
      "oids" : ["1.2.250.1.213.1.6.1.17"],
      "uses" : {
      },
      "https://hl7.fr/ig/fhir/core/2.1.0/ValueSet-fr-core-vs-practitioner-role-exercice.html" : "FR Core ValueSet PractitionerRole Exercice"
    },
    {
      "url" : "https://mos.esante.gouv.fr/NOS/TRE_R216-HL7RoleCode/FHIR/TRE-R216-HL7RoleCode",
      "version" : "20241213120000",
      "status" : "active",
      "name" : "TRE_R216_HL7RoleCode",
      "title" : null,
      "description" : "HL7 roleCode",
      "oids" : ["2.16.840.1.113883.5.111"],
      "uses" : {
      },
      "https://hl7.fr/ig/fhir/core/2.1.0/ValueSet-fr-core-vs-relation-type.html" : "FR Core ValueSet relation type"
    },
    {
      "url" : "https://mos.esante.gouv.fr/NOS/TRE_R217-ProtectionJuridique/FHIR/TRE-R217-ProtectionJuridique",
      "version" : "20231215120000",
      "status" : "active",
      "name" : "TRE_R217_ProtectionJuridique",
      "title" : null,
      "description" : "Protection juridique",
      "oids" : ["1.2.250.1.213.1.1.4.327"],
      "uses" : {
      },
      "https://hl7.fr/ig/fhir/core/2.1.0/ValueSet-fr-core-vs-patient-contact-role.html" : "FR Core ValueSet Patient contact role"
    },
    {
      "url" : "https://mos.esante.gouv.fr/NOS/TRE_R22-GenreActivite/FHIR/TRE-R22-GenreActivite",
      "version" : "20240329120000",
      "status" : "active",
      "name" : "TRE_R22_GenreActivite",
      "title" : null,
      "description" : "Genre d'activité",
      "oids" : ["1.2.250.1.213.1.6.1.19"],
      "uses" : {
      },
      "https://hl7.fr/ig/fhir/core/2.1.0/ValueSet-fr-core-vs-practitioner-role-exercice.html" : "FR Core ValueSet PractitionerRole Exercice"
    },
    {
      "url" : "https://mos.esante.gouv.fr/NOS/TRE_R226-Dip2iemeCycleNQ/FHIR/TRE-R226-Dip2iemeCycleNQ",
      "version" : "20231215120000",
      "status" : "active",
      "name" : "TRE_R226_Dip2iemeCycleNQ",
      "title" : null,
      "description" : "Diplôme de 2ième cycle non qualifiant",
      "oids" : ["1.2.250.1.213.1.6.1.118"],
      "uses" : {
      },
      "https://interop.esante.gouv.fr/terminologies/1.4.0/ValueSet-JDV-J105-EnsembleDiplome-RASS.html" : "JDV_J105_EnsembleDiplome_RASS"
    },
    {
      "url" : "https://mos.esante.gouv.fr/NOS/TRE_R23-ModeExercice/FHIR/TRE-R23-ModeExercice",
      "version" : "20231215120000",
      "status" : "active",
      "name" : "TRE_R23_ModeExercice",
      "title" : null,
      "description" : "Mode d'exercice",
      "oids" : ["1.2.250.1.213.1.6.1.18"],
      "uses" : {
      },
      "https://hl7.fr/ig/fhir/core/2.1.0/ValueSet-fr-core-vs-practitioner-role-exercice.html" : "FR Core ValueSet PractitionerRole Exercice",
      "https://interop.esante.gouv.fr/terminologies/1.4.0/ValueSet-JDV-J117-ModeExercice-ENREG.html" : "JDV_J117_ModeExercice_ENREG"
    },
    {
      "url" : "https://mos.esante.gouv.fr/NOS/TRE_R24-TypeActiviteLiberale/FHIR/TRE-R24-TypeActiviteLiberale",
      "version" : "20231215120000",
      "status" : "active",
      "name" : "TRE_R24_TypeActiviteLiberale",
      "title" : null,
      "description" : "Type d'activité libérale",
      "oids" : ["1.2.250.1.213.1.6.1.22"],
      "uses" : {
      },
      "https://hl7.fr/ig/fhir/core/2.1.0/ValueSet-fr-core-vs-practitioner-role-exercice.html" : "FR Core ValueSet PractitionerRole Exercice"
    },
    {
      "url" : "https://mos.esante.gouv.fr/NOS/TRE_R258-RelationPriseCharge/FHIR/TRE-R258-RelationPriseCharge",
      "version" : "20250523120000",
      "status" : "active",
      "name" : "TRE_R258_RelationPriseCharge",
      "title" : null,
      "description" : "Relation dans la prise en charge du patient",
      "oids" : ["1.2.250.1.213.1.1.4.2.280"],
      "uses" : {
      },
      "https://interop.esante.gouv.fr/terminologies/1.4.0/ValueSet-JDV-J47-FunctionCode-CISIS.html" : "JDV_J47_FunctionCode_CISIS"
    },
    {
      "url" : "https://mos.esante.gouv.fr/NOS/TRE_R259-HL7ParticipationFunction/FHIR/TRE-R259-HL7ParticipationFunction",
      "version" : "20231215120000",
      "status" : "active",
      "name" : "TRE_R259_HL7ParticipationFunction",
      "title" : null,
      "description" : "Rôles fonctionnels HL7",
      "oids" : ["2.16.840.1.113883.5.88"],
      "uses" : {
      },
      "https://interop.esante.gouv.fr/terminologies/1.4.0/ValueSet-JDV-J47-FunctionCode-CISIS.html" : "JDV_J47_FunctionCode_CISIS"
    },
    {
      "url" : "https://mos.esante.gouv.fr/NOS/TRE_R260-HL7RoleClass/FHIR/TRE-R260-HL7RoleClass",
      "version" : "20240426120000",
      "status" : "active",
      "name" : "TRE_R260_HL7RoleClass",
      "title" : null,
      "description" : "Rôle de la personne point de contact auprès d'une autre personne repris de la terminologie HL7 v3 RoleClass (https://www.hl7.org/fhir/v3/RoleClass/cs.html)",
      "oids" : ["2.16.840.1.113883.5.110"],
      "uses" : {
      },
      "https://hl7.fr/ig/fhir/core/2.1.0/ValueSet-fr-core-vs-patient-contact-role.html" : "FR Core ValueSet Patient contact role"
    },
    {
      "url" : "https://mos.esante.gouv.fr/NOS/TRE_R291-AutreProfession/FHIR/TRE-R291-AutreProfession",
      "version" : "20231215120000",
      "status" : "active",
      "name" : "TRE_R291_AutreProfession",
      "title" : null,
      "description" : "Liste de professionnels non membres d'une profession réglementée",
      "oids" : ["1.2.250.1.213.1.6.1.140"],
      "uses" : {
      },
      "https://interop.esante.gouv.fr/terminologies/1.4.0/ValueSet-JDV-J106-EnsembleProfession-RASS.html" : "JDV_J106_EnsembleProfession_RASS"
    },
    {
      "url" : "https://mos.esante.gouv.fr/NOS/TRE_R32-StatutHospitalier/FHIR/TRE-R32-StatutHospitalier",
      "version" : "20231215120000",
      "status" : "active",
      "name" : "TRE_R32_StatutHospitalier",
      "title" : null,
      "description" : "Statut hospitalier",
      "oids" : ["1.2.250.1.213.1.6.1.21"],
      "uses" : {
      },
      "https://hl7.fr/ig/fhir/core/2.1.0/ValueSet-fr-core-vs-practitioner-role-exercice.html" : "FR Core ValueSet PractitionerRole Exercice"
    },
    {
      "url" : "https://mos.esante.gouv.fr/NOS/TRE_R348-FormationSpecialiseeTransversale/FHIR/TRE-R348-FormationSpecialiseeTransversale",
      "version" : "20231215120000",
      "status" : "active",
      "name" : "TRE_R348_FormationSpecialiseeTransversale",
      "title" : null,
      "description" : "Formation Spécialisée Transversale (FST)",
      "oids" : ["1.2.250.1.213.1.6.1.251"],
      "uses" : {
      },
      "https://interop.esante.gouv.fr/terminologies/1.4.0/ValueSet-JDV-J105-EnsembleDiplome-RASS.html" : "JDV_J105_EnsembleDiplome_RASS"
    },
    {
      "url" : "https://mos.esante.gouv.fr/NOS/TRE_R359-SurspecialiteTransversale/FHIR/TRE-R359-SurspecialiteTransversale",
      "version" : "20240531120000",
      "status" : "active",
      "name" : "TRE_R359_SurspecialiteTransversale",
      "title" : null,
      "description" : "Surspécialité (compétence) acquise par l'interne à l'issue d'une Formation Spécialisée Transversale (FST)",
      "oids" : ["1.2.250.1.213.2.76"],
      "uses" : {
      },
      "https://interop.esante.gouv.fr/terminologies/1.4.0/ValueSet-JDV-J107-EnsembleSavoirFaire-RASS.html" : "JDV_J107_EnsembleSavoirFaire_RASS"
    },
    {
      "url" : "https://mos.esante.gouv.fr/NOS/TRE_R36-AutreDiplomeObtenu/FHIR/TRE-R36-AutreDiplomeObtenu",
      "version" : "20231215120000",
      "status" : "active",
      "name" : "TRE_R36_AutreDiplomeObtenu",
      "title" : null,
      "description" : "Autre diplôme obtenu",
      "oids" : ["1.2.250.1.213.1.6.1.54"],
      "uses" : {
      },
      "https://interop.esante.gouv.fr/terminologies/1.4.0/ValueSet-JDV-J105-EnsembleDiplome-RASS.html" : "JDV_J105_EnsembleDiplome_RASS"
    },
    {
      "url" : "https://mos.esante.gouv.fr/NOS/TRE_R38-SpecialiteOrdinale/FHIR/TRE-R38-SpecialiteOrdinale",
      "version" : "20240531120000",
      "status" : "active",
      "name" : "TRE_R38_SpecialiteOrdinale",
      "title" : null,
      "description" : "Spécialité ordinale",
      "oids" : ["1.2.250.1.213.2.28"],
      "uses" : {
      },
      "https://interop.esante.gouv.fr/terminologies/1.4.0/ValueSet-JDV-J107-EnsembleSavoirFaire-RASS.html" : "JDV_J107_EnsembleSavoirFaire_RASS",
      "https://hl7.fr/ig/fhir/core/2.1.0/ValueSet-fr-core-vs-practitioner-specialty.html" : "FR Core ValueSet Practitioner specialty"
    },
    {
      "url" : "https://mos.esante.gouv.fr/NOS/TRE_R39-Competence/FHIR/TRE-R39-Competence",
      "version" : "20240628120000",
      "status" : "active",
      "name" : "TRE_R39_Competence",
      "title" : null,
      "description" : "Compétence",
      "oids" : ["1.2.250.1.213.2.29"],
      "uses" : {
      },
      "https://interop.esante.gouv.fr/terminologies/1.4.0/ValueSet-JDV-J107-EnsembleSavoirFaire-RASS.html" : "JDV_J107_EnsembleSavoirFaire_RASS"
    },
    {
      "url" : "https://mos.esante.gouv.fr/NOS/TRE_R40-CompetenceExclusive/FHIR/TRE-R40-CompetenceExclusive",
      "version" : "20231215120000",
      "status" : "active",
      "name" : "TRE_R40_CompetenceExclusive",
      "title" : null,
      "description" : "Compétence exclusive",
      "oids" : ["1.2.250.1.213.2.30"],
      "uses" : {
      },
      "https://interop.esante.gouv.fr/terminologies/1.4.0/ValueSet-JDV-J107-EnsembleSavoirFaire-RASS.html" : "JDV_J107_EnsembleSavoirFaire_RASS"
    },
    {
      "url" : "https://mos.esante.gouv.fr/NOS/TRE_R42-DESCnonQualifiant/FHIR/TRE-R42-DESCnonQualifiant",
      "version" : "20240628120000",
      "status" : "active",
      "name" : "TRE_R42_DESCnonQualifiant",
      "title" : null,
      "description" : "Savoir-faire liés aux DESC du groupe 1 non qualifiants",
      "oids" : ["1.2.250.1.213.2.32"],
      "uses" : {
      },
      "https://interop.esante.gouv.fr/terminologies/1.4.0/ValueSet-JDV-J107-EnsembleSavoirFaire-RASS.html" : "JDV_J107_EnsembleSavoirFaire_RASS"
    },
    {
      "url" : "https://mos.esante.gouv.fr/NOS/TRE_R43-CapaciteSavoirFaire/FHIR/TRE-R43-CapaciteSavoirFaire",
      "version" : "20231215120000",
      "status" : "active",
      "name" : "TRE_R43_CapaciteSavoirFaire",
      "title" : null,
      "description" : "Capacité (savoir-faire)",
      "oids" : ["1.2.250.1.213.2.33"],
      "uses" : {
      },
      "https://interop.esante.gouv.fr/terminologies/1.4.0/ValueSet-JDV-J107-EnsembleSavoirFaire-RASS.html" : "JDV_J107_EnsembleSavoirFaire_RASS"
    },
    {
      "url" : "https://mos.esante.gouv.fr/NOS/TRE_R44-QualificationPAC/FHIR/TRE-R44-QualificationPAC",
      "version" : "20231215120000",
      "status" : "active",
      "name" : "TRE_R44_QualificationPAC",
      "title" : null,
      "description" : "Qualification de praticien adjoint contractuel",
      "oids" : ["1.2.250.1.213.2.34"],
      "uses" : {
      },
      "https://interop.esante.gouv.fr/terminologies/1.4.0/ValueSet-JDV-J107-EnsembleSavoirFaire-RASS.html" : "JDV_J107_EnsembleSavoirFaire_RASS"
    },
    {
      "url" : "https://mos.esante.gouv.fr/NOS/TRE_R45-FonctionQualifiee/FHIR/TRE-R45-FonctionQualifiee",
      "version" : "20231215120000",
      "status" : "active",
      "name" : "TRE_R45_FonctionQualifiee",
      "title" : null,
      "description" : "Fonction qualifiée",
      "oids" : ["1.2.250.1.213.2.35"],
      "uses" : {
      },
      "https://interop.esante.gouv.fr/terminologies/1.4.0/ValueSet-JDV-J107-EnsembleSavoirFaire-RASS.html" : "JDV_J107_EnsembleSavoirFaire_RASS"
    },
    {
      "url" : "https://mos.esante.gouv.fr/NOS/TRE_R48-DiplomeEtatFrancais/FHIR/TRE-R48-DiplomeEtatFrancais",
      "version" : "20250425120000",
      "status" : "active",
      "name" : "TRE_R48_DiplomeEtatFrancais",
      "title" : null,
      "description" : "Diplôme de l'Etat français",
      "oids" : ["1.2.250.1.213.1.6.1.31"],
      "uses" : {
      },
      "https://interop.esante.gouv.fr/terminologies/1.4.0/ValueSet-JDV-J105-EnsembleDiplome-RASS.html" : "JDV_J105_EnsembleDiplome_RASS"
    },
    {
      "url" : "https://mos.esante.gouv.fr/NOS/TRE_R49-DiplomeEtudeSpecialisee/FHIR/TRE-R49-DiplomeEtudeSpecialisee",
      "version" : "20240531120000",
      "status" : "active",
      "name" : "TRE_R49_DiplomeEtudeSpecialisee",
      "title" : null,
      "description" : "Diplôme d'Etudes Spécialisées",
      "oids" : ["1.2.250.1.213.1.6.1.32"],
      "uses" : {
      },
      "https://interop.esante.gouv.fr/terminologies/1.4.0/ValueSet-JDV-J105-EnsembleDiplome-RASS.html" : "JDV_J105_EnsembleDiplome_RASS"
    },
    {
      "url" : "https://mos.esante.gouv.fr/NOS/TRE_R50-DESCGroupe1Diplome/FHIR/TRE-R50-DESCGroupe1Diplome",
      "version" : "20231215120000",
      "status" : "active",
      "name" : "TRE_R50_DESCGroupe1Diplome",
      "title" : null,
      "description" : "DESC Groupe 1 (diplôme)",
      "oids" : ["1.2.250.1.213.1.6.1.48"],
      "uses" : {
      },
      "https://interop.esante.gouv.fr/terminologies/1.4.0/ValueSet-JDV-J105-EnsembleDiplome-RASS.html" : "JDV_J105_EnsembleDiplome_RASS"
    },
    {
      "url" : "https://mos.esante.gouv.fr/NOS/TRE_R51-DESCGroupe2Diplome/FHIR/TRE-R51-DESCGroupe2Diplome",
      "version" : "20231215120000",
      "status" : "active",
      "name" : "TRE_R51_DESCGroupe2Diplome",
      "title" : null,
      "description" : "DESC Groupe 2 (diplôme)",
      "oids" : ["1.2.250.1.213.1.6.1.49"],
      "uses" : {
      },
      "https://interop.esante.gouv.fr/terminologies/1.4.0/ValueSet-JDV-J105-EnsembleDiplome-RASS.html" : "JDV_J105_EnsembleDiplome_RASS"
    },
    {
      "url" : "https://mos.esante.gouv.fr/NOS/TRE_R52-CapaciteDiplome/FHIR/TRE-R52-CapaciteDiplome",
      "version" : "20231215120000",
      "status" : "active",
      "name" : "TRE_R52_CapaciteDiplome",
      "title" : null,
      "description" : "Capacité (diplôme)",
      "oids" : ["1.2.250.1.213.1.6.1.50"],
      "uses" : {
      },
      "https://interop.esante.gouv.fr/terminologies/1.4.0/ValueSet-JDV-J105-EnsembleDiplome-RASS.html" : "JDV_J105_EnsembleDiplome_RASS"
    },
    {
      "url" : "https://mos.esante.gouv.fr/NOS/TRE_R53-DiplomePaysEEE/FHIR/TRE-R53-DiplomePaysEEE",
      "version" : "20231215120000",
      "status" : "active",
      "name" : "TRE_R53_DiplomePaysEEE",
      "title" : null,
      "description" : "Diplôme d'un pays de l'EEE",
      "oids" : ["1.2.250.1.213.1.6.1.51"],
      "uses" : {
      },
      "https://interop.esante.gouv.fr/terminologies/1.4.0/ValueSet-JDV-J105-EnsembleDiplome-RASS.html" : "JDV_J105_EnsembleDiplome_RASS"
    },
    {
      "url" : "https://mos.esante.gouv.fr/NOS/TRE_R54-DiplomeUniversiteInterUniversitaire/FHIR/TRE-R54-DiplomeUniversiteInterUniversitaire",
      "version" : "20240726120000",
      "status" : "active",
      "name" : "TRE_R54_DiplomeUniversiteInterUniversitaire",
      "title" : null,
      "description" : "Diplôme d'Université ou Inter-Universitaire",
      "oids" : ["1.2.250.1.213.1.6.1.34"],
      "uses" : {
      },
      "https://interop.esante.gouv.fr/terminologies/1.4.0/ValueSet-JDV-J105-EnsembleDiplome-RASS.html" : "JDV_J105_EnsembleDiplome_RASS"
    },
    {
      "url" : "https://mos.esante.gouv.fr/NOS/TRE_R55-CertificatEtudeSpeciale/FHIR/TRE-R55-CertificatEtudeSpeciale",
      "version" : "20231215120000",
      "status" : "active",
      "name" : "TRE_R55_CertificatEtudeSpeciale",
      "title" : null,
      "description" : "Certificat d'Etude Spéciale",
      "oids" : ["1.2.250.1.213.1.6.1.52"],
      "uses" : {
      },
      "https://interop.esante.gouv.fr/terminologies/1.4.0/ValueSet-JDV-J105-EnsembleDiplome-RASS.html" : "JDV_J105_EnsembleDiplome_RASS"
    },
    {
      "url" : "https://mos.esante.gouv.fr/NOS/TRE_R56-Attestation/FHIR/TRE-R56-Attestation",
      "version" : "20240329120000",
      "status" : "active",
      "name" : "TRE_R56_Attestation",
      "title" : null,
      "description" : "Attestation",
      "oids" : ["1.2.250.1.213.1.6.1.27"],
      "uses" : {
      },
      "https://interop.esante.gouv.fr/terminologies/1.4.0/ValueSet-JDV-J105-EnsembleDiplome-RASS.html" : "JDV_J105_EnsembleDiplome_RASS"
    },
    {
      "url" : "https://mos.esante.gouv.fr/NOS/TRE_R57-DiplomeEuropeenEtudeSpecialisee/FHIR/TRE-R57-DiplomeEuropeenEtudeSpecialisee",
      "version" : "20231215120000",
      "status" : "active",
      "name" : "TRE_R57_DiplomeEuropeenEtudeSpecialisee",
      "title" : null,
      "description" : "Diplôme Européen d'Etudes Spécialisées",
      "oids" : ["1.2.250.1.213.1.6.1.33"],
      "uses" : {
      },
      "https://interop.esante.gouv.fr/terminologies/1.4.0/ValueSet-JDV-J105-EnsembleDiplome-RASS.html" : "JDV_J105_EnsembleDiplome_RASS"
    },
    {
      "url" : "https://mos.esante.gouv.fr/NOS/TRE_R58-AutreTypeDiplome/FHIR/TRE-R58-AutreTypeDiplome",
      "version" : "20250828120000",
      "status" : "active",
      "name" : "TRE_R58_AutreTypeDiplome",
      "title" : null,
      "description" : "Autre type de diplôme",
      "oids" : ["1.2.250.1.213.1.6.1.53"],
      "uses" : {
      },
      "https://interop.esante.gouv.fr/terminologies/1.4.0/ValueSet-JDV-J105-EnsembleDiplome-RASS.html" : "JDV_J105_EnsembleDiplome_RASS"
    },
    {
      "url" : "https://mos.esante.gouv.fr/NOS/TRE_R66-CategorieEtablissement/FHIR/TRE-R66-CategorieEtablissement",
      "version" : "20250425120000",
      "status" : "active",
      "name" : "TRE_R66_CategorieEtablissement",
      "title" : null,
      "description" : "Catégorie d'établissements",
      "oids" : ["1.2.250.1.213.1.6.1.8"],
      "uses" : {
      },
      "https://interop.esante.gouv.fr/terminologies/1.4.0/ValueSet-JDV-J129-CategorieEtablissement-RASS.html" : "JDV_J129_CategorieEtablissement_RASS"
    },
    {
      "url" : "https://mos.esante.gouv.fr/NOS/TRE_R81-Civilite/FHIR/TRE-R81-Civilite",
      "version" : "20231215120000",
      "status" : "active",
      "name" : "TRE_R81_Civilite",
      "title" : null,
      "description" : "Civilité",
      "oids" : ["1.2.250.1.213.1.6.1.69"],
      "uses" : {
      },
      "https://interop.esante.gouv.fr/terminologies/1.4.0/ValueSet-JDV-J245-Civilite-CISIS.html" : "JDV_J245_Civilite_CISIS"
    },
    {
      "url" : "https://mos.esante.gouv.fr/NOS/TRE_R85-RolePriseCharge/FHIR/TRE-R85-RolePriseCharge",
      "version" : "20250919120000",
      "status" : "active",
      "name" : "TRE_R85_RolePriseCharge",
      "title" : null,
      "description" : "Rôle dans la prise en charge des patients ou des usagers",
      "oids" : ["1.2.250.1.213.1.6.1.107"],
      "uses" : {
      },
      "https://interop.esante.gouv.fr/terminologies/1.4.0/ValueSet-JDV-J47-FunctionCode-CISIS.html" : "JDV_J47_FunctionCode_CISIS",
      "https://hl7.fr/ig/fhir/core/2.1.0/ValueSet-fr-core-vs-practitioner-role-exercice.html" : "FR Core ValueSet PractitionerRole Exercice",
      "https://interop.esante.gouv.fr/terminologies/1.4.0/ValueSet-JDV-J01-XdsAuthorSpecialty-CISIS.html" : "JDV_J01_XdsAuthorSpecialty_CISIS"
    },
    {
      "url" : "https://mos.esante.gouv.fr/NOS/TRE_R94-ProfessionSocial/FHIR/TRE-R94-ProfessionSocial",
      "version" : "20241213120000",
      "status" : "active",
      "name" : "TRE_R94_ProfessionSocial",
      "title" : null,
      "description" : "Profession du social",
      "oids" : ["1.2.250.1.213.1.6.1.4"],
      "uses" : {
      },
      "https://interop.esante.gouv.fr/terminologies/1.4.0/ValueSet-JDV-J106-EnsembleProfession-RASS.html" : "JDV_J106_EnsembleProfession_RASS",
      "https://interop.esante.gouv.fr/terminologies/1.4.0/ValueSet-JDV-J01-XdsAuthorSpecialty-CISIS.html" : "JDV_J01_XdsAuthorSpecialty_CISIS"
    },
    {
      "url" : "https://mos.esante.gouv.fr/NOS/TRE_R95-UsagerTitre/FHIR/TRE-R95-UsagerTitre",
      "version" : "20241213120000",
      "status" : "active",
      "name" : "TRE_R95_UsagerTitre",
      "title" : null,
      "description" : "Usager de titre professionnel",
      "oids" : ["1.2.250.1.213.1.6.1.109"],
      "uses" : {
      },
      "https://interop.esante.gouv.fr/terminologies/1.4.0/ValueSet-JDV-J106-EnsembleProfession-RASS.html" : "JDV_J106_EnsembleProfession_RASS",
      "https://interop.esante.gouv.fr/terminologies/1.4.0/ValueSet-JDV-J01-XdsAuthorSpecialty-CISIS.html" : "JDV_J01_XdsAuthorSpecialty_CISIS"
    },
    {
      "url" : "https://mos.esante.gouv.fr/NOS/TRE_R96-AutreFonctionSanitaire/FHIR/TRE-R96-AutreFonctionSanitaire",
      "version" : "20231215120000",
      "status" : "active",
      "name" : "TRE_R96_AutreFonctionSanitaire",
      "title" : null,
      "description" : "Autres fonctions du domaine sanitaire",
      "oids" : ["1.2.250.1.213.1.6.1.110"],
      "uses" : {
      },
      "https://hl7.fr/ig/fhir/core/2.1.0/ValueSet-fr-core-vs-practitioner-role-exercice.html" : "FR Core ValueSet PractitionerRole Exercice"
    },
    {
      "url" : "https://mos.esante.gouv.fr/NOS/TRE_R97-DroitExerciceCompl/FHIR/TRE-R97-DroitExerciceCompl",
      "version" : "20231215120000",
      "status" : "active",
      "name" : "TRE_R97_DroitExerciceCompl",
      "title" : null,
      "description" : "Droit d'exercice complémentaire",
      "oids" : ["1.2.250.1.213.1.6.1.111"],
      "uses" : {
      },
      "https://interop.esante.gouv.fr/terminologies/1.4.0/ValueSet-JDV-J107-EnsembleSavoirFaire-RASS.html" : "JDV_J107_EnsembleSavoirFaire_RASS"
    },
    {
      "url" : "https://smt.esante.gouv.fr/fhir/CodeSystem/terminologie-cisis",
      "version" : "202510230000",
      "status" : "active",
      "name" : "TerminologieCISIS",
      "title" : "TerminologieCISIS - Terminologie des concepts non trouvés dans les autres terminologies",
      "description" : "Terminologie multi-domaines créée et maintenue par l'ANS contenant les termes non trouvés dans les autres terminologies internationales ou nationales.",
      "oids" : ["1.2.250.1.213.1.1.4.322"],
      "uses" : {
      },
      "https://interop.esante.gouv.fr/terminologies/1.4.0/ValueSet-jdv-detail-materiel-specialise-cisis.html" : "JDV Detail Materiel Specialise CISIS",
      "https://interop.esante.gouv.fr/terminologies/1.4.0/ValueSet-jdv-mode-de-transport-cisis.html" : "JDV Mode De Transport CISIS",
      "https://interop.esante.gouv.fr/terminologies/1.4.0/ValueSet-jdv-type-motorisation-cisis.html" : "JDV Type Motorisation CISIS",
      "https://interop.esante.gouv.fr/terminologies/1.4.0/ValueSet-jdv-type-evenement-ssiad-cisis.html" : "JDV Type Evenement Ssiad CISIS",
      "https://interop.esante.gouv.fr/terminologies/1.4.0/ValueSet-jdv-ressource-utilisee-cisis.html" : "JDV Ressource Utilisee CISIS",
      "https://interop.esante.gouv.fr/terminologies/1.4.0/ValueSet-jdv-motif-non-realisation-evenement-cisis.html" : "JDV Motif Non Realisation Evenement CISIS",
      "https://interop.esante.gouv.fr/terminologies/1.4.0/ValueSet-jdv-detail-ressource-immobiliere-utilisee-cisis.html" : "JDV Detail Ressource Immobiliere Utilisee CISIS"
    },
    {
      "url" : "https://smt.esante.gouv.fr/fhir/CodeSystem/tre-r389-statut-bilan-projet-personnalise",
      "version" : "20250418120000",
      "status" : "active",
      "name" : "TreR389StatutBilanProjetPersonnalise",
      "title" : "Tre R389 Statut Bilan Projet Personnalise",
      "description" : "Statut du bilan du projet personnalisé.",
      "oids" : ["1.2.250.1.213.3.3.257"],
      "uses" : {
      },
      "https://interop.esante.gouv.fr/terminologies/1.4.0/ValueSet-jdv-j366-statut-bilan-projet-personnalise-ms.html" : "Jdv J366 Statut Bilan Projet Personnalise Ms"
    },
    {
      "url" : "https://smt.esante.gouv.fr/fhir/CodeSystem/tre-r390-type-projet-personnalise",
      "version" : "20250422120000",
      "status" : "active",
      "name" : "TreR390TypeProjetPersonnalise",
      "title" : "Tre R390 Type Projet Personnalise",
      "description" : "Cette nomenclature donne le type de projet personnalisé qui est un document co-construit par l'usager, son entourage familial et professionnel du médico-social.",
      "oids" : ["1.2.250.1.213.3.3.258"],
      "uses" : {
      },
      "https://interop.esante.gouv.fr/terminologies/1.4.0/ValueSet-jdv-j367-type-projet-personnalise-ms.html" : "Jdv J367 Type Projet Personnalise Ms"
    },
    {
      "url" : "https://smt.esante.gouv.fr/fhir/CodeSystem/tre-r394-competence-metier",
      "version" : "20250625120000",
      "status" : "active",
      "name" : "TreR394CompetenceMetier",
      "title" : "Tre R394 Competence Metier",
      "description" : "Type de savoir-faire opérationnel, transversal ou spécifique, acquis et exercé à titre non exclusif dans le cadre d’une activité professionnelle reconnue.",
      "oids" : ["1.2.250.1.213.1.6.1.375"],
      "uses" : {
      },
      "https://interop.esante.gouv.fr/terminologies/1.4.0/ValueSet-JDV-J107-EnsembleSavoirFaire-RASS.html" : "JDV_J107_EnsembleSavoirFaire_RASS"
    },
    {
      "url" : "https://smt.esante.gouv.fr/terminologie-SERAFINPH",
      "version" : "2023.1.0",
      "status" : "active",
      "name" : "SERAFIN_PH",
      "title" : "Nomenclature des besoins et des prestations",
      "description" : "Les nomenclatures des besoins et des prestations ont été élaborées par un groupe de travail issu du projet SERAFIN-PH porté par la Caisse nationale de Solidarité pour l’Autonomie (CNSA) et la Direction Générale de la Cohésion Sociale (DGCS).\nElles permettent de décrire, sur la base d’un langage commun, les besoins identifiés des personnes, et les prestations réalisées en réponse à ces besoins. Les usages locaux de ces nomenclatures montrent leur pertinence pour nouer autour des projets personnalisés d’accompagnement et de leurs déclinaisons opérationnelles un dialogue soutenu et permanent entre tous les acteurs concernés, de la personne accompagnée aux structures médico-sociales, acteurs de droit commun et jusqu’aux institutions de régulation (ARS, services déconcentrés et collectivités locales).",
      "uses" : {
      },
      "https://interop.esante.gouv.fr/terminologies/1.4.0/ValueSet-JDV-J285-Besoins-SERAFIN.html" : "JDV_J285_Besoins_SERAFIN",
      "https://interop.esante.gouv.fr/terminologies/1.4.0/ValueSet-JDV-J282-TransportsLiesAuProjetIndividuel-SERAFIN.html" : "JDV_J282_TransportsLiesAuProjetIndividuel_SERAFIN"
    },
    {
      "url" : "urn:ietf:bcp:47",
      "version" : "2.0.1",
      "status" : "active",
      "name" : "Ietf3066",
      "title" : "Tags for the Identification of Languages",
      "description" : "Older value from OID registry.  Superceded; see recommendations in BCP-47.",
      "oids" : ["2.16.840.1.113883.6.121"],
      "uses" : {
      },
      "http://hl7.org/fhir/R4/valueset-languages.html" : "Common Languages"
    }
  ]
}
